,CHROM,POS,Gene.refGene,Func.refGene,ExonicFunc.refGene,AF,GF6_R_KS4.AD,GF6_A_KS4.AD,GF6_R_KS4.GT,GF6_A_KS4.GT,GS4_R_KS4.AD,GS4_A_KS4.AD,GS4_R_KS4.GT,GS4_A_KS4.GT,KF6_R_KS4.AD,KF6_A_KS4.AD,KF6_R_KS4.GT,KF6_A_KS4.GT,KS4_R_KS4.AD,KS4_A_KS4.AD,KS4_R_KS4.GT,KS4_A_KS4.GT
1,NC_031967.2,122688,gene33838\x3bgene33839,intergenic,.,1.00,0,2,G,G,0,0,.,.,0.0,0.0,.,.,0.0,0.0,.,.
2,NC_031967.2,122689,gene33838\x3bgene33839,intergenic,.,1.00,0,2,A,A,0,0,.,.,0.0,0.0,.,.,0.0,0.0,.,.
3,NC_031967.2,136524,gene33840,UTR5,.,1.00,0,6,A,A,0,4,A,A,0.0,5.0,A,A,0.0,9.0,A,A
4,NC_031967.2,136529,gene33840,UTR5,.,1.00,0,6,C,C,0,4,C,C,0.0,5.0,C,C,0.0,9.0,C,C
5,NC_031967.2,226465,gene33845,intronic,.,1.00,0,0,.,.,0,0,.,.,0.0,0.0,.,.,0.0,2.0,C,C
6,NC_031967.2,381679,gene33853\x3bgene33854,intergenic,.,1.00,0,2,A,A,0,3,A,A,0.0,3.0,A,A,0.0,2.0,A,A
7,NC_031967.2,1486328,gene33891\x3bgene33892,intergenic,.,1.00,0,2,C,C,1,0,.,.,1.0,0.0,.,.,0.0,0.0,.,.
8,NC_031967.2,1720610,gene33902,intronic,.,1.00,0,0,.,.,0,0,.,.,0.0,2.0,G,G,0.0,0.0,.,.
9,NC_031967.2,2013681,gene33919,UTR3,.,1.00,0,0,.,.,0,0,.,.,0.0,3.0,A,A,0.0,0.0,.,.
10,NC_031967.2,2109696,gene33922,intronic,.,1.00,0,2,T,T,0,0,.,.,0.0,0.0,.,.,0.0,0.0,.,.
11,NC_031967.2,2733423,gene33947,ncRNA_exonic,.,1.00,0,0,.,.,0,0,.,.,0.0,2.0,A,A,0.0,0.0,.,.
12,NC_031967.2,2733425,gene33947,ncRNA_exonic,.,1.00,0,0,.,.,0,0,.,.,0.0,2.0,G,G,0.0,0.0,.,.
13,NC_031967.2,3131948,gene33963,exonic,stopgain,1.00,1,3,A,A,0,4,A,A,0.0,3.0,A,A,0.0,2.0,A,A
14,NC_031967.2,3131961,gene33963,exonic,nonsynonymous_SNV,0.875,1,3,C,T,0,4,T,T,0.0,3.0,T,T,0.0,2.0,T,T
15,NC_031967.2,3303666,gene33973,intronic,.,1.00,0,3,A,A,0,2,A,A,1.0,0.0,.,.,0.0,2.0,A,A
16,NC_031967.2,3318923,gene33973,intronic,.,1.00,0,31,G,G,0,25,G,G,0.0,39.0,G,G,0.0,48.0,G,G
17,NC_031967.2,3318943,gene33973,intronic,.,1.00,0,22,C,C,0,19,C,C,0.0,30.0,C,C,0.0,38.0,C,C
18,NC_031967.2,4000856,gene34002\x3bgene34003,intergenic,.,1.00,0,2,G,G,0,0,.,.,0.0,0.0,.,.,0.0,0.0,.,.
19,NC_031967.2,4000871,gene34002\x3bgene34003,intergenic,.,1.00,0,2,C,C,0,0,.,.,0.0,0.0,.,.,0.0,0.0,.,.
20,NC_031967.2,4250015,gene34010,intronic,.,1.00,0,0,.,.,0,0,.,.,0.0,1.0,A,A,0.0,0.0,.,.
21,NC_031967.2,4250031,gene34010,intronic,.,1.00,0,0,.,.,0,0,.,.,0.0,6.0,A,A,0.0,1.0,A,A
22,NC_031967.2,4250055,gene34010,intronic,.,1.00,0,0,.,.,0,0,.,.,0.0,9.0,T,T,0.0,2.0,T,T
23,NC_031967.2,4250091,gene34010,intronic,.,1.00,0,0,.,.,0,0,.,.,0.0,2.0,A,A,0.0,0.0,.,.
24,NC_031967.2,4311406,gene34010,intronic,.,1.00,0,0,.,.,0,2,A,A,0.0,0.0,.,.,0.0,0.0,.,.
25,NC_031967.2,4311409,gene34010,intronic,.,1.00,0,0,.,.,0,2,A,A,0.0,0.0,.,.,0.0,0.0,.,.
26,NC_031967.2,4344787,gene34010,intronic,.,1.00,0,0,.,.,0,0,.,.,0.0,2.0,T,T,0.0,0.0,.,.
27,NC_031967.2,4344789,gene34010,intronic,.,1.00,0,0,.,.,0,0,.,.,0.0,2.0,T,T,0.0,0.0,.,.
28,NC_031967.2,4358090,gene34010,intronic,.,1.00,0,0,.,.,0,0,.,.,0.0,0.0,.,.,0.0,2.0,A,A
29,NC_031967.2,4358093,gene34010,intronic,.,1.00,0,0,.,.,0,0,.,.,0.0,0.0,.,.,0.0,2.0,T,T
30,NC_031967.2,4667208,gene34016\x3bgene34017,intergenic,.,1.00,0,0,.,.,0,0,.,.,0.0,0.0,.,.,0.0,2.0,A,A
31,NC_031967.2,4667214,gene34016\x3bgene34017,intergenic,.,1.00,0,0,.,.,0,0,.,.,0.0,0.0,.,.,0.0,2.0,T,T
32,NC_031967.2,4709411,gene34019,intronic,.,1.00,0,2,G,G,0,2,G,G,0.0,0.0,.,.,0.0,0.0,.,.
33,NC_031967.2,4709413,gene34019,intronic,.,1.00,0,2,C,C,0,2,C,C,0.0,0.0,.,.,0.0,0.0,.,.
34,NC_031967.2,4727398,gene34019,intronic,.,1.00,0,4,A,A,0,5,A,A,0.0,0.0,.,.,0.0,4.0,A,A
35,NC_031967.2,4727400,gene34019,intronic,.,1.00,0,4,A,A,0,5,A,A,0.0,0.0,.,.,0.0,4.0,A,A
36,NC_031967.2,4776171,gene34021,UTR3,.,0.500,7,0,T,T,0,2,A,A,0.0,0.0,.,.,0.0,0.0,.,.
37,NC_031967.2,4776189,gene34021,UTR3,.,0.250,4,0,T,T,1,2,T,G,0.0,0.0,.,.,0.0,0.0,.,.
38,NC_031967.2,4776799,gene34021,exonic,nonsynonymous_SNV,0.250,4,2,C,T,4,0,C,C,0.0,0.0,.,.,0.0,0.0,.,.
39,NC_031967.2,4809395,gene34024,ncRNA_intronic,.,1.00,1,0,.,.,0,2,A,A,0.0,3.0,A,A,0.0,2.0,A,A
40,NC_031967.2,5038846,gene34035,intronic,.,1.00,1,0,.,.,0,2,C,C,0.0,0.0,.,.,0.0,0.0,.,.
41,NC_031967.2,5038851,gene34035,intronic,.,1.00,1,0,.,.,0,2,C,C,0.0,0.0,.,.,0.0,0.0,.,.
42,NC_031967.2,5169177,gene34035,intronic,.,1.00,0,13,G,G,0,11,G,G,0.0,24.0,G,G,0.0,30.0,G,G
43,NC_031967.2,5169184,gene34035,intronic,.,1.00,0,13,G,G,0,11,G,G,0.0,24.0,G,G,0.0,30.0,G,G
44,NC_031967.2,5186071,gene34035,intronic,.,1.00,1,0,.,.,0,3,T,T,0.0,0.0,.,.,0.0,2.0,T,T
45,NC_031967.2,5194732,gene34035,intronic,.,1.00,0,0,.,.,0,0,.,.,0.0,6.0,T,T,1.0,0.0,.,.
46,NC_031967.2,5194748,gene34035,intronic,.,1.00,0,0,.,.,0,0,.,.,0.0,5.0,C,C,0.0,0.0,.,.
47,NC_031967.2,5306043,gene34035,exonic,synonymous_SNV,1.00,0,0,.,.,0,2,A,A,0.0,0.0,.,.,0.0,0.0,.,.
48,NC_031967.2,5863259,gene34038,UTR3,.,1.00,0,3,A,A,1,0,.,.,0.0,0.0,.,.,0.0,0.0,.,.
49,NC_031967.2,6209604,gene34061,exonic,nonsynonymous_SNV,1.00,0,0,.,.,0,0,.,.,0.0,3.0,G,G,0.0,0.0,.,.
50,NC_031967.2,6209609,gene34061,exonic,nonsynonymous_SNV,1.00,0,0,.,.,0,0,.,.,0.0,3.0,G,G,0.0,0.0,.,.
51,NC_031967.2,6381312,gene34073\x3bgene34074,intergenic,.,1.00,0,0,.,.,1,0,.,.,0.0,3.0,G,G,0.0,2.0,G,G
52,NC_031967.2,6723941,gene34098\x3bgene34099,intergenic,.,1.00,1,0,.,.,0,0,.,.,0.0,0.0,.,.,0.0,5.0,G,G
53,NC_031967.2,6778877,gene34102,intronic,.,1.00,0,0,.,.,0,0,.,.,0.0,0.0,.,.,0.0,1.0,A,A
54,NC_031967.2,6916927,gene34121\x3bgene34122,intergenic,.,1.00,0,2,C,C,0,2,C,C,0.0,0.0,.,.,0.0,2.0,C,C
55,NC_031967.2,6916930,gene34121\x3bgene34122,intergenic,.,1.00,0,2,C,C,0,2,C,C,0.0,0.0,.,.,0.0,2.0,C,C
56,NC_031967.2,7125463,gene34143\x3bgene34145,intergenic,.,1.00,0,0,.,.,0,0,.,.,0.0,2.0,G,G,0.0,0.0,.,.
57,NC_031967.2,7137832,gene34147,UTR3,.,1.00,0,0,.,.,0,0,.,.,0.0,2.0,T,T,0.0,0.0,.,.
58,NC_031967.2,7137838,gene34147,UTR3,.,1.00,0,0,.,.,0,0,.,.,0.0,2.0,G,G,0.0,0.0,.,.
59,NC_031967.2,7233880,gene34156\x3bgene34157,intergenic,.,1.00,0,0,.,.,0,0,.,.,0.0,2.0,G,G,0.0,0.0,.,.
60,NC_031967.2,7417523,gene34161,UTR5,.,1.00,0,2,T,T,0,0,.,.,0.0,0.0,.,.,0.0,0.0,.,.
61,NC_031967.2,7417529,gene34161,UTR5,.,1.00,0,2,A,A,0,0,.,.,0.0,0.0,.,.,0.0,0.0,.,.
62,NC_031967.2,7519619,gene34166,ncRNA_exonic,.,0.500,2,0,T,T,0,2,C,C,0.0,0.0,.,.,0.0,0.0,.,.
63,NC_031967.2,7519625,gene34166,ncRNA_exonic,.,1.00,0,2,G,G,0,2,G,G,0.0,0.0,.,.,0.0,0.0,.,.
64,NC_031967.2,8169595,gene34184,exonic,nonsynonymous_SNV,1.00,0,4,G,G,0,0,.,.,0.0,0.0,.,.,0.0,0.0,.,.
65,NC_031967.2,8169598,gene34184,exonic,nonsynonymous_SNV,1.00,0,4,C,C,0,0,.,.,0.0,0.0,.,.,0.0,0.0,.,.
66,NC_031967.2,8385008,gene34202\x3bgene34203,upstream,.,1.00,0,2,C,C,1,0,.,.,0.0,2.0,C,C,0.0,0.0,.,.
67,NC_031967.2,8429741,gene34204\x3bgene34205,intergenic,.,1.00,0,2,C,C,0,0,.,.,0.0,0.0,.,.,0.0,0.0,.,.
68,NC_031967.2,8429746,gene34204\x3bgene34205,intergenic,.,1.00,0,2,A,A,0,0,.,.,0.0,0.0,.,.,0.0,0.0,.,.
69,NC_031967.2,8538542,gene34205\x3bgene34207,intergenic,.,1.00,0,0,.,.,0,0,.,.,0.0,0.0,.,.,0.0,2.0,C,C
70,NC_031967.2,8538550,gene34205\x3bgene34207,intergenic,.,1.00,0,0,.,.,0,0,.,.,0.0,0.0,.,.,0.0,2.0,G,G
71,NC_031967.2,8550395,gene34207\x3bgene34208,intergenic,.,1.00,0,2,A,A,0,0,.,.,0.0,0.0,.,.,0.0,0.0,.,.
72,NC_031967.2,8564730,gene34207\x3bgene34208,intergenic,.,1.00,0,0,.,.,0,2,C,C,0.0,0.0,.,.,0.0,0.0,.,.
73,NC_031967.2,8564731,gene34207\x3bgene34208,intergenic,.,1.00,0,0,.,.,0,2,C,C,0.0,0.0,.,.,0.0,0.0,.,.
74,NC_031967.2,8617572,gene34207\x3bgene34208,intergenic,.,1.00,0,2,C,C,0,2,C,C,0.0,0.0,.,.,0.0,0.0,.,.
75,NC_031967.2,8752816,gene34209\x3bgene34210,intergenic,.,1.00,0,0,.,.,0,0,.,.,0.0,2.0,T,T,1.0,0.0,.,.
76,NC_031967.2,8899477,gene34209\x3bgene34210,intergenic,.,1.00,0,2,T,T,0,0,.,.,0.0,0.0,.,.,0.0,0.0,.,.
77,NC_031967.2,9053971,gene34211,intronic,.,1.00,0,0,.,.,0,0,.,.,0.0,4.0,G,G,0.0,6.0,G,G
78,NC_031967.2,9268646,gene34233,exonic,synonymous_SNV,1.00,0,2,G,G,0,0,.,.,1.0,0.0,.,.,0.0,0.0,.,.
79,NC_031967.2,9805644,gene34247\x3bgene34248,intergenic,.,1.00,0,2,C,C,0,6,C,C,0.0,0.0,.,.,0.0,0.0,.,.
80,NC_031967.2,9805646,gene34247\x3bgene34248,intergenic,.,1.00,0,2,G,G,0,6,G,G,0.0,0.0,.,.,0.0,0.0,.,.
81,NC_031967.2,9923184,gene34255,intronic,.,1.00,0,0,.,.,0,3,G,G,0.0,0.0,.,.,0.0,0.0,.,.
82,NC_031967.2,9965164,gene34257\x3bgene34258,downstream,.,1.00,0,0,.,.,0,0,.,.,0.0,2.0,G,G,0.0,0.0,.,.
83,NC_031967.2,9965172,gene34257\x3bgene34258,downstream,.,1.00,0,0,.,.,0,0,.,.,0.0,1.0,C,C,0.0,0.0,.,.
84,NC_031967.2,10057016,gene34262\x3bgene34263,intergenic,.,1.00,0,0,.,.,0,3,T,T,0.0,2.0,T,T,0.0,0.0,.,.
85,NC_031967.2,10057017,gene34262\x3bgene34263,intergenic,.,1.00,0,0,.,.,0,3,C,C,0.0,2.0,C,C,0.0,0.0,.,.
86,NC_031967.2,10283497,gene34282,intronic,.,1.00,0,4,A,A,0,3,A,A,0.0,0.0,.,.,0.0,0.0,.,.
87,NC_031967.2,10283505,gene34282,intronic,.,1.00,0,4,C,C,0,3,C,C,0.0,0.0,.,.,0.0,0.0,.,.
88,NC_031967.2,10303579,gene34282,intronic,.,1.00,0,2,A,A,0,0,.,.,0.0,0.0,.,.,0.0,0.0,.,.
89,NC_031967.2,10303581,gene34282,intronic,.,1.00,0,2,A,A,0,0,.,.,0.0,0.0,.,.,0.0,0.0,.,.
90,NC_031967.2,10568972,gene34302,intronic,.,1.00,0,2,C,C,0,3,C,C,0.0,4.0,C,C,0.0,2.0,C,C
91,NC_031967.2,10914182,gene34308,exonic,nonsynonymous_SNV,1.00,0,3,C,C,0,3,C,C,0.0,0.0,.,.,0.0,0.0,.,.
92,NC_031967.2,11004118,gene34313,intronic,.,1.00,0,0,.,.,0,0,.,.,0.0,2.0,A,A,0.0,2.0,A,A
93,NC_031967.2,11004123,gene34313,intronic,.,1.00,0,0,.,.,0,0,.,.,0.0,2.0,T,T,0.0,2.0,T,T
94,NC_031967.2,11045266,gene34315,ncRNA_exonic,.,1.00,0,3,G,G,0,3,G,G,0.0,2.0,G,G,0.0,0.0,.,.
95,NC_031967.2,11411060,gene34335,intronic,.,1.00,0,9,G,G,0,3,G,G,0.0,5.0,G,G,0.0,14.0,G,G
96,NC_031967.2,11411067,gene34335,intronic,.,1.00,0,9,C,C,0,3,C,C,0.0,5.0,C,C,0.0,14.0,C,C
97,NC_031967.2,11418893,gene34335,intronic,.,1.00,0,2,T,T,0,0,.,.,0.0,0.0,.,.,0.0,0.0,.,.
98,NC_031967.2,11623998,gene34343,intronic,.,1.00,0,0,.,.,0,0,.,.,0.0,3.0,T,T,0.0,0.0,.,.
99,NC_031967.2,11741536,gene34347,intronic,.,1.00,1,0,.,.,0,3,C,C,0.0,0.0,.,.,0.0,0.0,.,.
100,NC_031967.2,11815977,gene34350,exonic,nonsynonymous_SNV,1.00,0,0,.,.,0,0,.,.,0.0,3.0,A,A,0.0,2.0,A,A
101,NC_031967.2,11815981,gene34350,exonic,synonymous_SNV,1.00,0,0,.,.,0,0,.,.,0.0,3.0,G,G,0.0,2.0,G,G
102,NC_031967.2,11818006,gene34350,exonic,synonymous_SNV,1.00,0,0,.,.,0,0,.,.,0.0,0.0,.,.,0.0,2.0,A,A
103,NC_031967.2,11818009,gene34350,exonic,synonymous_SNV,1.00,0,0,.,.,0,0,.,.,0.0,0.0,.,.,0.0,2.0,A,A
104,NC_031967.2,12182155,gene34354\x3bgene34355,intergenic,.,1.00,1,0,.,.,1,0,.,.,0.0,2.0,T,T,0.0,0.0,.,.
105,NC_031967.2,12770268,gene34366,intronic,.,1.00,0,0,.,.,0,0,.,.,0.0,0.0,.,.,0.0,1.0,C,C
106,NC_031967.2,12861778,gene34366,intronic,.,1.00,0,2,C,C,0,0,.,.,0.0,0.0,.,.,0.0,4.0,C,C
107,NC_031967.2,12861779,gene34366,intronic,.,1.00,0,2,A,A,0,0,.,.,0.0,0.0,.,.,0.0,4.0,A,A
108,NC_031967.2,12886315,gene34366,intronic,.,1.00,0,0,.,.,0,0,.,.,0.0,3.0,T,T,0.0,0.0,.,.
109,NC_031967.2,12886319,gene34366,intronic,.,1.00,0,0,.,.,0,0,.,.,0.0,3.0,G,G,0.0,0.0,.,.
110,NC_031967.2,12954596,gene34366,intronic,.,1.00,0,0,.,.,0,2,T,T,0.0,0.0,.,.,0.0,0.0,.,.
111,NC_031967.2,12954597,gene34366,intronic,.,1.00,0,0,.,.,0,2,T,T,0.0,0.0,.,.,0.0,0.0,.,.
112,NC_031967.2,12967897,gene34366,intronic,.,1.00,0,0,.,.,0,3,T,T,0.0,0.0,.,.,0.0,0.0,.,.
113,NC_031967.2,12967898,gene34366,intronic,.,1.00,0,0,.,.,0,3,T,T,0.0,0.0,.,.,0.0,0.0,.,.
114,NC_031967.2,13342577,gene34373,intronic,.,1.00,0,2,G,G,0,3,G,G,0.0,2.0,G,G,0.0,3.0,G,G
115,NC_031967.2,13394341,gene34373,intronic,.,1.00,0,0,.,.,0,2,A,A,0.0,0.0,.,.,0.0,0.0,.,.
116,NC_031967.2,13524981,gene34374,ncRNA_intronic,.,1.00,0,0,.,.,0,3,A,A,0.0,0.0,.,.,0.0,0.0,.,.
117,NC_031967.2,13524987,gene34374,ncRNA_intronic,.,1.00,0,0,.,.,0,3,T,T,0.0,0.0,.,.,0.0,0.0,.,.
118,NC_031967.2,13588047,gene34373,intronic,.,1.00,0,0,.,.,0,2,C,C,0.0,0.0,.,.,0.0,2.0,C,C
119,NC_031967.2,13588049,gene34373,intronic,.,1.00,0,0,.,.,0,2,C,C,0.0,0.0,.,.,0.0,2.0,C,C
120,NC_031967.2,13671694,gene34375,intronic,.,1.00,0,13,G,G,0,10,G,G,0.0,21.0,G,G,0.0,18.0,G,G
121,NC_031967.2,13671730,gene34375,intronic,.,1.00,0,15,C,C,0,11,C,C,0.0,23.0,C,C,0.0,21.0,C,C
122,NC_031967.2,13671732,gene34375,intronic,.,1.00,0,15,C,C,0,11,C,C,0.0,23.0,C,C,0.0,21.0,C,C
123,NC_031967.2,13671755,gene34375,intronic,.,1.00,0,0,.,.,0,0,.,.,0.0,3.0,C,C,0.0,4.0,C,C
124,NC_031967.2,13671757,gene34375,intronic,.,1.00,0,0,.,.,0,0,.,.,0.0,3.0,C,C,0.0,4.0,C,C
125,NC_031967.2,13671879,gene34375,intronic,.,1.00,0,11,C,C,0,11,C,C,0.0,29.0,C,C,0.0,35.0,C,C
126,NC_031967.2,13997786,gene34378\x3bgene34379,intergenic,.,1.00,0,3,A,A,0,0,.,.,0.0,0.0,.,.,0.0,0.0,.,.
127,NC_031967.2,13997788,gene34378\x3bgene34379,intergenic,.,1.00,0,3,A,A,0,0,.,.,0.0,0.0,.,.,0.0,0.0,.,.
128,NC_031967.2,14236570,gene34382,intronic,.,1.00,0,0,.,.,0,0,.,.,0.0,0.0,.,.,0.0,2.0,A,A
129,NC_031967.2,14236571,gene34382,intronic,.,1.00,0,0,.,.,0,0,.,.,0.0,0.0,.,.,0.0,2.0,A,A
130,NC_031967.2,14293512,gene34384\x3bgene34385,intergenic,.,1.00,0,0,.,.,0,2,G,G,0.0,0.0,.,.,0.0,4.0,G,G
131,NC_031967.2,14293513,gene34384\x3bgene34385,intergenic,.,1.00,0,0,.,.,0,2,G,G,0.0,0.0,.,.,0.0,4.0,G,G
132,NC_031967.2,14347428,gene34386,exonic,nonsynonymous_SNV,1.00,0,0,.,.,0,2,T,T,0.0,0.0,.,.,0.0,0.0,.,.
133,NC_031967.2,15581821,gene34442\x3bgene34443,intergenic,.,1.00,0,0,.,.,0,0,.,.,0.0,1.0,G,G,0.0,1.0,G,G
134,NC_031967.2,15839041,gene34455,exonic,synonymous_SNV,1.00,0,0,.,.,0,2,G,G,1.0,0.0,.,.,0.0,2.0,G,G
135,NC_031967.2,15839044,gene34455,exonic,nonsynonymous_SNV,1.00,0,0,.,.,0,2,C,C,1.0,0.0,.,.,0.0,2.0,C,C
136,NC_031967.2,15839699,gene34455,exonic,synonymous_SNV,1.00,0,0,.,.,0,3,G,G,0.0,0.0,.,.,0.0,0.0,.,.
137,NC_031967.2,15839702,gene34455,exonic,synonymous_SNV,1.00,0,0,.,.,0,3,G,G,0.0,0.0,.,.,0.0,0.0,.,.
138,NC_031967.2,15844370,gene34455\x3bgene34456,intergenic,.,1.00,0,2,T,T,0,0,.,.,0.0,0.0,.,.,0.0,0.0,.,.
139,NC_031967.2,16055244,gene34475,intronic,.,1.00,1,0,.,.,0,0,.,.,0.0,2.0,G,G,0.0,2.0,G,G
140,NC_031967.2,16591590,gene34499\x3bgene34500,intergenic,.,1.00,0,0,.,.,0,0,.,.,0.0,2.0,A,A,1.0,0.0,.,.
141,NC_031967.2,16591611,gene34499\x3bgene34500,intergenic,.,1.00,0,0,.,.,0,0,.,.,0.0,2.0,C,C,1.0,0.0,.,.
142,NC_031967.2,16703405,gene34505\x3bgene34506,intergenic,.,1.00,0,2,A,A,0,2,A,A,0.0,0.0,.,.,0.0,2.0,A,A
143,NC_031967.2,16703407,gene34505\x3bgene34506,intergenic,.,1.00,0,2,A,A,0,2,A,A,0.0,0.0,.,.,0.0,2.0,A,A
144,NC_031967.2,17221489,gene34521,ncRNA_exonic,.,1.00,0,0,.,.,0,0,.,.,0.0,2.0,T,T,0.0,0.0,.,.
145,NC_031967.2,17221493,gene34521,ncRNA_exonic,.,1.00,0,0,.,.,0,0,.,.,0.0,2.0,T,T,0.0,0.0,.,.
146,NC_031967.2,17223364,gene34521\x3bgene34522,intergenic,.,1.00,0,2,A,A,0,0,.,.,0.0,0.0,.,.,0.0,0.0,.,.
147,NC_031967.2,17223368,gene34521\x3bgene34522,intergenic,.,1.00,0,2,A,A,0,0,.,.,0.0,0.0,.,.,0.0,0.0,.,.
148,NC_031967.2,17420701,gene34530,intronic,.,1.00,0,2,C,C,1,0,.,.,0.0,0.0,.,.,0.0,0.0,.,.
149,NC_031967.2,17420715,gene34530,intronic,.,1.00,0,2,T,T,0,0,.,.,0.0,0.0,.,.,0.0,0.0,.,.
150,NC_031967.2,17434714,gene34531,UTR5,.,1.00,0,3,G,G,0,2,G,G,0.0,5.0,G,G,0.0,5.0,G,G
151,NC_031967.2,17530138,gene34543,ncRNA_exonic,.,1.00,0,0,.,.,0,0,.,.,0.0,0.0,.,.,0.0,1.0,G,G
152,NC_031967.2,17566780,gene34547,intronic,.,1.00,0,0,.,.,0,0,.,.,0.0,3.0,T,T,0.0,2.0,T,T
153,NC_031967.2,17566783,gene34547,intronic,.,1.00,0,0,.,.,0,0,.,.,0.0,3.0,C,C,0.0,2.0,C,C
154,NC_031967.2,18053407,gene34573,intronic,.,1.00,0,0,.,.,0,0,.,.,0.0,2.0,G,G,1.0,0.0,.,.
155,NC_031967.2,18053421,gene34573,intronic,.,1.00,0,0,.,.,0,0,.,.,0.0,2.0,A,A,0.0,0.0,.,.
156,NC_031967.2,18219826,gene34577,intronic,.,1.00,0,2,G,G,0,0,.,.,0.0,0.0,.,.,0.0,0.0,.,.
157,NC_031967.2,18275926,gene34577,intronic,.,1.00,0,0,.,.,0,2,A,A,0.0,2.0,A,A,0.0,0.0,.,.
158,NC_031967.2,18323234,gene34577,exonic,nonsynonymous_SNV,1.00,0,0,.,.,0,0,.,.,0.0,3.0,C,C,0.0,2.0,C,C
159,NC_031967.2,18337058,gene34577,exonic,nonsynonymous_SNV,1.00,0,2,A,A,0,2,A,A,1.0,0.0,.,.,0.0,2.0,A,A
160,NC_031967.2,18337061,gene34577,exonic,nonsynonymous_SNV,1.00,0,2,T,T,0,2,T,T,1.0,0.0,.,.,0.0,2.0,T,T
161,NC_031967.2,18347661,gene34577,intronic,.,1.00,0,0,.,.,0,2,A,A,0.0,2.0,A,A,0.0,5.0,A,A
162,NC_031967.2,18347664,gene34577,intronic,.,1.00,0,0,.,.,0,2,A,A,0.0,2.0,A,A,0.0,5.0,A,A
163,NC_031967.2,18463690,gene34578\x3bgene34579,intergenic,.,1.00,0,5,G,G,0,5,G,G,0.0,2.0,G,G,0.0,0.0,.,.
164,NC_031967.2,18463691,gene34578\x3bgene34579,intergenic,.,1.00,0,5,T,T,0,5,T,T,0.0,2.0,T,T,0.0,0.0,.,.
165,NC_031967.2,18675765,gene34580\x3bgene34581,intergenic,.,1.00,0,0,.,.,0,2,C,C,0.0,0.0,.,.,0.0,0.0,.,.
166,NC_031967.2,18964215,gene34582\x3bgene34583,intergenic,.,1.00,0,0,.,.,0,2,A,A,0.0,2.0,A,A,0.0,0.0,.,.
167,NC_031967.2,19073468,gene34583\x3bgene34584,intergenic,.,1.00,0,0,.,.,0,2,A,A,0.0,0.0,.,.,0.0,0.0,.,.
168,NC_031967.2,19097033,gene34583\x3bgene34584,intergenic,.,1.00,0,0,.,.,0,0,.,.,0.0,2.0,T,T,0.0,2.0,T,T
169,NC_031967.2,19358212,gene34587,intronic,.,1.00,0,4,A,A,0,3,A,A,0.0,3.0,A,A,0.0,3.0,A,A
170,NC_031967.2,19392194,gene34587,intronic,.,1.00,0,2,T,T,0,0,.,.,0.0,0.0,.,.,0.0,2.0,T,T
171,NC_031967.2,19401355,gene34587,intronic,.,1.00,0,9,C,C,0,9,C,C,0.0,23.0,C,C,0.0,22.0,C,C
172,NC_031967.2,19401358,gene34587,intronic,.,1.00,0,9,G,G,0,9,G,G,0.0,23.0,G,G,0.0,22.0,G,G
173,NC_031967.2,19460837,gene34590,exonic,nonsynonymous_SNV,1.00,0,2,C,C,0,0,.,.,0.0,0.0,.,.,0.0,0.0,.,.
174,NC_031967.2,19481359,gene34590,intronic,.,1.00,0,2,A,A,0,0,.,.,0.0,0.0,.,.,0.0,0.0,.,.
175,NC_031967.2,19481360,gene34590,intronic,.,1.00,0,2,G,G,0,0,.,.,0.0,0.0,.,.,0.0,0.0,.,.
176,NC_031967.2,19571066,gene34595\x3bgene34596,intergenic,.,1.00,0,0,.,.,0,2,T,T,0.0,0.0,.,.,0.0,0.0,.,.
177,NC_031967.2,19587333,gene34596\x3bgene34597,intergenic,.,1.00,0,0,.,.,0,0,.,.,0.0,2.0,G,G,0.0,0.0,.,.
178,NC_031967.2,19587336,gene34596\x3bgene34597,intergenic,.,1.00,0,0,.,.,0,0,.,.,0.0,2.0,A,A,0.0,0.0,.,.
179,NC_031967.2,19648385,gene34598,intronic,.,1.00,0,2,T,T,0,0,.,.,0.0,0.0,.,.,0.0,0.0,.,.
180,NC_031967.2,19648389,gene34598,intronic,.,1.00,0,2,C,C,0,0,.,.,0.0,0.0,.,.,0.0,0.0,.,.
181,NC_031967.2,20175560,gene34650\x3bgene34651,intergenic,.,1.00,1,0,.,.,0,0,.,.,0.0,3.0,G,G,1.0,0.0,.,.
182,NC_031967.2,20463415,gene34663\x3bgene34664,intergenic,.,1.00,0,0,.,.,0,0,.,.,0.0,2.0,G,G,0.0,0.0,.,.
183,NC_031967.2,20560382,gene34668,ncRNA_intronic,.,1.00,0,0,.,.,0,0,.,.,0.0,2.0,A,A,0.0,0.0,.,.
184,NC_031967.2,20649246,gene34668,ncRNA_intronic,.,1.00,0,2,G,G,0,0,.,.,0.0,0.0,.,.,0.0,0.0,.,.
185,NC_031967.2,21792540,gene34734,intronic,.,1.00,0,2,C,C,0,0,.,.,0.0,0.0,.,.,0.0,2.0,C,C
186,NC_031967.2,22060155,gene34739,exonic,nonsynonymous_SNV,1.00,0,4,G,G,0,4,G,G,1.0,0.0,.,.,0.0,0.0,.,.
187,NC_031967.2,22348484,gene34760,intronic,.,1.00,0,0,.,.,0,0,.,.,0.0,0.0,.,.,0.0,2.0,A,A
188,NC_031967.2,22555941,gene34800\x3bgene34801,intergenic,.,1.00,0,0,.,.,1,0,.,.,1.0,0.0,.,.,0.0,2.0,C,C
189,NC_031967.2,22706022,gene34809,UTR3,.,1.00,0,2,G,G,0,0,.,.,0.0,0.0,.,.,0.0,0.0,.,.
190,NC_031967.2,22706026,gene34809,UTR3,.,1.00,0,2,G,G,0,0,.,.,0.0,0.0,.,.,0.0,0.0,.,.
191,NC_031967.2,22842072,gene34809\x3bgene34812,intronic,.,1.00,0,0,.,.,0,0,.,.,0.0,0.0,.,.,0.0,2.0,T,T
192,NC_031967.2,22842079,gene34809\x3bgene34812,intronic,.,1.00,0,0,.,.,0,0,.,.,0.0,0.0,.,.,0.0,2.0,A,A
193,NC_031967.2,22842086,gene34809\x3bgene34812,intronic,.,1.00,0,0,.,.,0,0,.,.,0.0,0.0,.,.,0.0,2.0,A,A
194,NC_031967.2,23168521,gene34834,downstream,.,1.00,0,0,.,.,0,3,G,G,0.0,2.0,G,G,0.0,0.0,.,.
195,NC_031967.2,23408317,gene34848,UTR3,.,1.00,0,0,.,.,0,0,.,.,0.0,2.0,C,C,0.0,0.0,.,.
196,NC_031967.2,23612571,gene34859,intronic,.,1.00,0,10,T,T,0,10,T,T,0.0,9.0,T,T,0.0,14.0,T,T
197,NC_031967.2,23719969,gene34865,ncRNA_intronic,.,1.00,0,3,G,G,0,6,G,G,1.0,0.0,.,.,0.0,0.0,.,.
198,NC_031967.2,23724802,gene34867,exonic,synonymous_SNV,1.00,0,2,C,C,0,0,.,.,0.0,0.0,.,.,0.0,0.0,.,.
199,NC_031967.2,23728861,gene34867\x3bgene34868,downstream,.,1.00,0,3,C,C,0,0,.,.,0.0,3.0,C,C,0.0,0.0,.,.
200,NC_031967.2,23728863,gene34867\x3bgene34868,downstream,.,1.00,0,3,A,A,0,0,.,.,0.0,3.0,A,A,0.0,0.0,.,.
201,NC_031967.2,23818524,gene34869,intronic,.,1.00,0,2,T,T,0,0,.,.,0.0,0.0,.,.,0.0,0.0,.,.
202,NC_031967.2,23876815,gene34872,exonic,nonsynonymous_SNV,1.00,0,0,.,.,0,0,.,.,0.0,5.0,T,T,0.0,0.0,.,.
203,NC_031967.2,23923407,gene34874,intronic,.,1.00,0,2,G,G,0,0,.,.,0.0,0.0,.,.,0.0,0.0,.,.
204,NC_031967.2,23923410,gene34874,intronic,.,1.00,0,2,A,A,0,0,.,.,0.0,0.0,.,.,0.0,0.0,.,.
205,NC_031967.2,23952986,gene34877,exonic,nonsynonymous_SNV,1.00,0,2,T,T,0,2,T,T,0.0,3.0,T,T,0.0,2.0,T,T
206,NC_031967.2,24098154,gene34883\x3bgene34884,intergenic,.,1.00,0,2,A,A,0,2,A,A,0.0,0.0,.,.,0.0,2.0,A,A
207,NC_031967.2,25128575,gene34917\x3bgene34938,intergenic,.,1.00,0,0,.,.,0,2,A,A,0.0,0.0,.,.,0.0,2.0,A,A
208,NC_031967.2,25128577,gene34917\x3bgene34938,intergenic,.,1.00,0,0,.,.,0,2,C,C,0.0,0.0,.,.,0.0,2.0,C,C
209,NC_031967.2,25321715,gene34943\x3bgene34948,intronic,.,1.00,0,2,G,G,0,2,G,G,0.0,2.0,G,G,0.0,2.0,G,G
210,NC_031967.2,25321716,gene34943\x3bgene34948,intronic,.,1.00,0,2,G,G,0,2,G,G,0.0,2.0,G,G,0.0,2.0,G,G
211,NC_031967.2,26548903,gene34978\x3bgene34997\x3bgene34999,intronic,.,1.00,0,2,G,G,0,2,G,G,0.0,4.0,G,G,0.0,4.0,G,G
212,NC_031967.2,26747010,gene35005\x3bgene35006,intergenic,.,1.00,0,0,.,.,1,0,.,.,0.0,0.0,.,.,0.0,2.0,A,A
213,NC_031967.2,26782631,gene35008,exonic,synonymous_SNV,1.00,0,0,.,.,0,0,.,.,0.0,5.0,G,G,0.0,2.0,G,G
214,NC_031967.2,27089447,gene35031,exonic,nonsynonymous_SNV,1.00,0,2,T,T,0,2,T,T,0.0,0.0,.,.,1.0,0.0,.,.
215,NC_031967.2,27493658,gene35054\x3bgene35055,intergenic,.,1.00,0,3,G,G,0,0,.,.,0.0,0.0,.,.,0.0,0.0,.,.
216,NC_031967.2,27493660,gene35054\x3bgene35055,intergenic,.,1.00,0,3,G,G,0,0,.,.,0.0,0.0,.,.,0.0,0.0,.,.
217,NC_031967.2,27751006,gene35066\x3bgene35067,intergenic,.,1.00,0,0,.,.,0,0,.,.,0.0,1.0,T,T,0.0,0.0,.,.
218,NC_031967.2,27751013,gene35066\x3bgene35067,intergenic,.,1.00,0,0,.,.,0,0,.,.,0.0,1.0,T,T,0.0,0.0,.,.
219,NC_031967.2,27974269,gene35079\x3bgene35080,intergenic,.,1.00,1,0,.,.,0,2,T,T,0.0,0.0,.,.,1.0,0.0,.,.
220,NC_031967.2,27974276,gene35079\x3bgene35080,intergenic,.,1.00,1,0,.,.,0,2,C,C,0.0,0.0,.,.,1.0,0.0,.,.
221,NC_031967.2,28179543,gene35085\x3bgene35086,intergenic,.,1.00,0,0,.,.,0,0,.,.,0.0,2.0,T,T,1.0,0.0,.,.
222,NC_031967.2,29142004,gene35142\x3bgene35143,intergenic,.,1.00,0,0,.,.,0,0,.,.,0.0,2.0,T,T,0.0,0.0,.,.
223,NC_031967.2,29142007,gene35142\x3bgene35143,intergenic,.,1.00,0,0,.,.,0,0,.,.,0.0,2.0,G,G,0.0,0.0,.,.
224,NC_031967.2,30337946,gene35222,exonic,synonymous_SNV,1.00,0,2,T,T,0,0,.,.,0.0,0.0,.,.,0.0,0.0,.,.
225,NC_031967.2,30356341,gene35223,ncRNA_intronic,.,1.00,0,0,.,.,0,2,A,A,0.0,0.0,.,.,1.0,0.0,.,.
226,NC_031967.2,30356345,gene35223,ncRNA_intronic,.,1.00,0,0,.,.,0,2,G,G,0.0,0.0,.,.,1.0,0.0,.,.
227,NC_031967.2,30710897,gene35233,intronic,.,1.00,0,2,C,C,0,0,.,.,0.0,0.0,.,.,0.0,2.0,C,C
228,NC_031967.2,30738045,gene35233,intronic,.,1.00,0,2,A,A,0,0,.,.,0.0,0.0,.,.,0.0,2.0,A,A
229,NC_031967.2,30879952,gene35242,intronic,.,1.00,0,0,.,.,0,0,.,.,0.0,3.0,C,C,0.0,0.0,.,.
230,NC_031967.2,30879953,gene35242,intronic,.,1.00,0,0,.,.,0,0,.,.,0.0,3.0,A,A,0.0,0.0,.,.
231,NC_031967.2,30927732,gene35242\x3bgene35249,intergenic,.,1.00,0,0,.,.,0,0,.,.,0.0,2.0,T,T,1.0,0.0,.,.
232,NC_031967.2,30927746,gene35242\x3bgene35249,intergenic,.,1.00,0,0,.,.,0,0,.,.,0.0,2.0,T,T,1.0,0.0,.,.
233,NC_031967.2,31268048,gene35261\x3bgene35262,intergenic,.,1.00,1,0,.,.,0,0,.,.,0.0,2.0,C,C,0.0,0.0,.,.
234,NC_031967.2,31268051,gene35261\x3bgene35262,intergenic,.,1.00,1,0,.,.,0,0,.,.,0.0,2.0,G,G,0.0,0.0,.,.
235,NC_031967.2,31466541,gene35272\x3bgene35273,intergenic,.,1.00,0,2,A,A,0,0,.,.,0.0,0.0,.,.,0.0,0.0,.,.
236,NC_031967.2,31466543,gene35272\x3bgene35273,intergenic,.,1.00,0,2,C,C,0,0,.,.,0.0,0.0,.,.,0.0,0.0,.,.
237,NC_031967.2,31570845,gene35274,intronic,.,1.00,0,2,C,C,0,2,C,C,1.0,0.0,.,.,0.0,0.0,.,.
238,NC_031967.2,31570861,gene35274,intronic,.,1.00,0,3,G,G,0,3,G,G,0.0,0.0,.,.,0.0,0.0,.,.
239,NC_031967.2,32138539,gene35292\x3bgene35293,intergenic,.,1.00,0,2,T,T,0,3,T,T,0.0,5.0,T,T,0.0,3.0,T,T
240,NC_031967.2,32624155,gene35310,UTR3,.,1.00,0,0,.,.,0,3,T,T,0.0,0.0,.,.,0.0,0.0,.,.
241,NC_031967.2,32624160,gene35310,UTR3,.,1.00,0,0,.,.,0,3,C,C,0.0,0.0,.,.,0.0,0.0,.,.
242,NC_031967.2,32664321,gene35312,intronic,.,1.00,0,0,.,.,0,0,.,.,0.0,0.0,.,.,0.0,2.0,C,C
243,NC_031967.2,32708616,gene35314,intronic,.,1.00,0,0,.,.,0,2,T,T,0.0,0.0,.,.,0.0,2.0,T,T
244,NC_031967.2,32708620,gene35314,intronic,.,1.00,0,0,.,.,0,2,A,A,0.0,0.0,.,.,0.0,2.0,A,A
245,NC_031967.2,32840261,gene35319,exonic,synonymous_SNV,1.00,0,4,T,T,0,0,.,.,0.0,0.0,.,.,0.0,0.0,.,.
246,NC_031967.2,32840267,gene35319,exonic,nonsynonymous_SNV,1.00,0,4,A,A,0,0,.,.,0.0,0.0,.,.,0.0,0.0,.,.
247,NC_031967.2,32871507,gene35319,intronic,.,1.00,0,3,G,G,0,2,G,G,0.0,5.0,G,G,0.0,3.0,G,G
248,NC_031967.2,32878043,gene35319,intronic,.,1.00,0,0,.,.,0,0,.,.,0.0,0.0,.,.,0.0,3.0,C,C
249,NC_031967.2,32959936,gene35319,intronic,.,1.00,0,0,.,.,0,2,A,A,0.0,0.0,.,.,0.0,0.0,.,.
250,NC_031967.2,32959938,gene35319,intronic,.,1.00,0,0,.,.,0,2,A,A,0.0,0.0,.,.,0.0,0.0,.,.
251,NC_031967.2,33033018,gene35325,exonic,synonymous_SNV,0.250,12,0,G,G,1,3,G,A,2.0,0.0,G,G,1.0,2.0,G,A
252,NC_031967.2,33033233,gene35325,exonic,synonymous_SNV,0.500,0,6,A,A,4,0,G,G,0.0,5.0,A,A,5.0,0.0,G,G
253,NC_031967.2,33033298,gene35325,exonic,nonsynonymous_SNV,0.250,13,0,T,T,6,1,T,G,1.0,0.0,T,T,2.0,3.0,T,G
254,NC_031967.2,33035936,gene35325,exonic,nonsynonymous_SNV,0.333,0,6,T,T,6,0,C,C,2.0,0.0,.,.,1.0,0.0,C,C
255,NC_031967.2,33108707,gene35330\x3bgene35331,intergenic,.,1.00,1,0,.,.,0,0,.,.,0.0,0.0,.,.,0.0,2.0,T,T
256,NC_031967.2,33108721,gene35330\x3bgene35331,intergenic,.,1.00,0,0,.,.,0,0,.,.,0.0,0.0,.,.,0.0,2.0,A,A
257,NC_031967.2,33217800,gene35360,intronic,.,1.00,0,3,A,A,0,3,A,A,0.0,0.0,.,.,0.0,3.0,A,A
258,NC_031967.2,33217804,gene35360,intronic,.,1.00,0,3,G,G,0,3,G,G,0.0,0.0,.,.,0.0,3.0,G,G
259,NC_031967.2,33241511,gene35360,intronic,.,1.00,0,0,.,.,0,0,.,.,0.0,3.0,G,G,0.0,2.0,G,G
260,NC_031967.2,33241516,gene35360,intronic,.,1.00,0,0,.,.,0,0,.,.,0.0,3.0,G,G,0.0,2.0,G,G
261,NC_031967.2,33277955,gene35360,intronic,.,1.00,0,0,.,.,0,0,.,.,0.0,6.0,T,T,0.0,0.0,.,.
262,NC_031967.2,33866254,gene35384\x3bgene35385,intergenic,.,1.00,0,0,.,.,0,2,C,C,0.0,0.0,.,.,0.0,0.0,.,.
263,NC_031967.2,33866255,gene35384\x3bgene35385,intergenic,.,1.00,0,0,.,.,0,2,G,G,0.0,0.0,.,.,0.0,0.0,.,.
264,NC_031967.2,34391226,gene35411\x3bgene35412,intergenic,.,1.00,0,0,.,.,0,2,C,C,0.0,0.0,.,.,0.0,0.0,.,.
265,NC_031967.2,34906033,gene35419\x3bgene35420,intergenic,.,1.00,0,3,C,C,0,0,.,.,0.0,2.0,C,C,0.0,2.0,C,C
266,NC_031967.2,34906036,gene35419\x3bgene35420,intergenic,.,1.00,0,3,C,C,0,0,.,.,0.0,2.0,C,C,0.0,2.0,C,C
267,NC_031967.2,35203209,gene35434\x3bgene35435,intergenic,.,1.00,0,2,T,T,0,0,.,.,1.0,0.0,.,.,0.0,0.0,.,.
268,NC_031967.2,35873951,gene35482,ncRNA_intronic,.,1.00,0,0,.,.,0,0,.,.,0.0,2.0,G,G,0.0,0.0,.,.
269,NC_031967.2,35873956,gene35482,ncRNA_intronic,.,1.00,0,0,.,.,0,0,.,.,0.0,2.0,A,A,0.0,0.0,.,.
270,NC_031967.2,36233668,gene35505,intronic,.,1.00,0,0,.,.,0,0,.,.,0.0,4.0,C,C,0.0,2.0,C,C
271,NC_031967.2,36664805,gene35542\x3bgene35543,intergenic,.,1.00,0,0,.,.,0,0,.,.,0.0,2.0,C,C,1.0,0.0,.,.
272,NC_031967.2,36664876,gene35542\x3bgene35543,intergenic,.,1.00,0,0,.,.,0,0,.,.,0.0,2.0,C,C,0.0,0.0,.,.
273,NC_031967.2,36664880,gene35542\x3bgene35543,intergenic,.,1.00,0,0,.,.,0,0,.,.,0.0,2.0,G,G,0.0,0.0,.,.
274,NC_031967.2,36664983,gene35542\x3bgene35543,intergenic,.,1.00,0,0,.,.,0,0,.,.,1.0,0.0,.,.,0.0,2.0,G,G
275,NC_031967.2,37003745,gene35559,intronic,.,1.00,0,0,.,.,0,0,.,.,0.0,0.0,.,.,0.0,2.0,T,T
276,NC_031967.2,37637544,gene35580,intronic,.,1.00,0,0,.,.,0,0,.,.,0.0,2.0,C,C,0.0,0.0,.,.
277,NC_031967.2,37842891,gene35583,intronic,.,1.00,0,2,G,G,1,0,.,.,0.0,17.0,G,G,0.0,8.0,G,G
278,NC_031967.2,37893019,gene35584,exonic,nonsynonymous_SNV,1.00,0,2,A,A,0,0,.,.,0.0,0.0,.,.,0.0,0.0,.,.
279,NC_031967.2,37893021,gene35584,exonic,nonsynonymous_SNV,1.00,0,2,T,T,0,0,.,.,0.0,0.0,.,.,0.0,0.0,.,.
280,NC_031967.2,38805826,gene35622\x3bgene35623,intergenic,.,1.00,0,0,.,.,0,0,.,.,0.0,3.0,G,G,0.0,0.0,.,.
281,NC_031967.2,39488989,gene35657,downstream,.,1.00,0,0,.,.,0,0,.,.,0.0,9.0,C,C,0.0,3.0,C,C
282,NC_031967.2,39488993,gene35657,downstream,.,1.00,0,0,.,.,0,0,.,.,0.0,9.0,A,A,0.0,3.0,A,A
283,NC_031967.2,39489018,gene35657,downstream,.,0.500,0,0,.,.,0,0,.,.,5.0,4.0,C,T,0.0,0.0,.,.
284,NC_031967.2,39566931,gene35662\x3bgene35663,intergenic,.,1.00,0,2,C,C,1,0,.,.,0.0,3.0,C,C,0.0,2.0,C,C
285,NC_031967.2,40143357,gene35684,intronic,.,1.00,0,15,C,C,0,9,C,C,0.0,17.0,C,C,0.0,18.0,C,C
286,NC_031967.2,40143360,gene35684,intronic,.,1.00,0,15,C,C,0,9,C,C,0.0,17.0,C,C,0.0,18.0,C,C
287,NC_031967.2,40240362,gene35684\x3bgene35699,intronic,.,1.00,0,5,G,G,0,3,G,G,0.0,4.0,G,G,0.0,6.0,G,G
288,NC_031967.2,40240363,gene35684\x3bgene35699,intronic,.,1.00,0,5,C,C,0,3,C,C,0.0,4.0,C,C,0.0,6.0,C,C
289,NC_031967.2,40300126,gene35701,ncRNA_intronic,.,1.00,1,0,.,.,0,0,.,.,0.0,2.0,A,A,0.0,3.0,A,A
290,NC_031967.2,40950735,gene35742\x3bgene35743,intergenic,.,1.00,0,2,C,C,0,0,.,.,0.0,0.0,.,.,0.0,3.0,C,C
291,NC_031967.2,40950739,gene35742\x3bgene35743,intergenic,.,1.00,0,2,T,T,0,0,.,.,0.0,0.0,.,.,0.0,3.0,T,T
292,NC_031967.2,41267845,gene35763,intronic,.,1.00,0,2,G,G,0,0,.,.,0.0,2.0,G,G,0.0,0.0,.,.
293,NC_031967.2,41267847,gene35763,intronic,.,1.00,0,2,G,G,0,0,.,.,0.0,2.0,G,G,0.0,0.0,.,.
294,NC_031967.2,41270372,gene35763,exonic,synonymous_SNV,1.00,0,2,A,A,1,0,.,.,1.0,0.0,.,.,1.0,0.0,.,.
295,NC_031967.2,41270388,gene35763,exonic,nonsynonymous_SNV,1.00,0,3,C,C,0,0,.,.,0.0,2.0,C,C,0.0,0.0,.,.
296,NC_031967.2,41270389,gene35763,exonic,nonsynonymous_SNV,1.00,0,3,A,A,0,0,.,.,0.0,2.0,A,A,0.0,0.0,.,.
297,NC_031967.2,41284928,gene35765,UTR3,.,1.00,0,2,C,C,0,0,.,.,0.0,0.0,.,.,0.0,0.0,.,.
298,NC_031967.2,41443405,gene35774,exonic,synonymous_SNV,1.00,0,0,.,.,0,0,.,.,0.0,7.0,C,C,0.0,0.0,.,.
299,NC_031967.2,41443410,gene35774,exonic,nonsynonymous_SNV,1.00,0,0,.,.,0,0,.,.,0.0,7.0,A,A,0.0,0.0,.,.
300,NC_031967.2,41814808,gene35799,UTR3,.,1.00,0,2,G,G,0,3,G,G,1.0,0.0,.,.,1.0,0.0,.,.
301,NC_031967.2,41825546,gene35799,intronic,.,1.00,0,3,T,T,0,4,T,T,0.0,2.0,T,T,0.0,2.0,T,T
302,NC_031967.2,42027483,gene35812\x3bgene35813,intergenic,.,1.00,0,2,A,A,0,5,A,A,0.0,0.0,.,.,0.0,0.0,.,.
303,NC_031967.2,42087142,gene35844\x3bgene35845\x3bgene35843,upstream\x3bdownstream,.,1.00,0,7,A,A,0,4,A,A,0.0,2.0,A,A,0.0,3.0,A,A
304,NC_031967.2,42087145,gene35844\x3bgene35845\x3bgene35843,upstream\x3bdownstream,.,1.00,0,7,A,A,0,4,A,A,0.0,2.0,A,A,0.0,3.0,A,A
305,NC_031967.2,42490676,gene35860\x3bgene35878,intronic,.,1.00,0,0,.,.,0,0,.,.,0.0,2.0,A,A,0.0,0.0,.,.
306,NC_031967.2,42490678,gene35860\x3bgene35878,intronic,.,1.00,0,0,.,.,0,0,.,.,0.0,2.0,G,G,0.0,0.0,.,.
307,NC_031967.2,43078645,gene35904\x3bgene35905,intergenic,.,1.00,0,3,T,T,0,2,T,T,0.0,0.0,.,.,0.0,0.0,.,.
308,NC_031967.2,43078646,gene35904\x3bgene35905,intergenic,.,1.00,0,3,C,C,0,2,C,C,0.0,0.0,.,.,0.0,0.0,.,.
309,NC_031967.2,43131920,gene35906\x3bgene35907,intergenic,.,1.00,0,14,C,C,0,9,C,C,0.0,12.0,C,C,0.0,0.0,.,.
310,NC_031967.2,43131925,gene35906\x3bgene35907,intergenic,.,1.00,0,14,C,C,0,9,C,C,0.0,12.0,C,C,0.0,0.0,.,.
311,NC_031967.2,43244891,gene35913,exonic,synonymous_SNV,1.00,0,2,G,G,0,2,G,G,0.0,0.0,.,.,0.0,0.0,.,.
312,NC_031967.2,43244892,gene35913,exonic,nonsynonymous_SNV,1.00,0,2,G,G,0,2,G,G,0.0,0.0,.,.,0.0,0.0,.,.
313,NC_031967.2,43261508,gene35914\x3bgene35915,intergenic,.,1.00,0,0,.,.,0,3,T,T,0.0,0.0,.,.,0.0,0.0,.,.
314,NC_031967.2,43395169,gene35923\x3bgene35924,intergenic,.,1.00,1,0,.,.,0,2,C,C,0.0,0.0,.,.,1.0,0.0,.,.
315,NC_031967.2,43572125,gene35934,downstream,.,1.00,0,0,.,.,0,0,.,.,0.0,2.0,C,C,1.0,0.0,.,.
316,NC_031967.2,43572129,gene35934,downstream,.,1.00,0,0,.,.,0,0,.,.,0.0,2.0,A,A,0.0,0.0,.,.
317,NC_031967.2,43769554,gene35946\x3bgene35947,intergenic,.,1.00,0,0,.,.,0,0,.,.,0.0,0.0,.,.,0.0,2.0,C,C
318,NC_031967.2,43769557,gene35946\x3bgene35947,intergenic,.,1.00,0,0,.,.,0,0,.,.,0.0,0.0,.,.,0.0,2.0,A,A
319,NC_031967.2,43797578,gene35947\x3bgene35948,intergenic,.,1.00,0,0,.,.,0,3,C,C,0.0,3.0,C,C,0.0,0.0,.,.
320,NC_031967.2,44171207,gene35962,upstream,.,1.00,0,2,C,C,1,0,.,.,0.0,2.0,C,C,0.0,0.0,.,.
321,NC_031967.2,44217025,gene35965\x3bgene35966,intergenic,.,1.00,0,2,T,T,0,2,T,T,0.0,2.0,T,T,0.0,0.0,.,.
322,NC_031967.2,44314450,gene35971,ncRNA_exonic,.,1.00,0,2,A,A,0,2,A,A,0.0,0.0,.,.,0.0,0.0,.,.
323,NC_031967.2,44314453,gene35971,ncRNA_exonic,.,1.00,0,2,C,C,0,2,C,C,0.0,0.0,.,.,0.0,0.0,.,.
324,NC_031967.2,44459542,gene35982\x3bgene35983,intergenic,.,1.00,0,2,G,G,0,0,.,.,1.0,0.0,.,.,0.0,4.0,G,G
325,NC_031967.2,44612056,gene35991\x3bgene35992,intergenic,.,1.00,0,0,.,.,0,0,.,.,0.0,3.0,C,C,0.0,0.0,.,.
326,NC_031967.2,45032385,gene36015\x3bgene36018,intergenic,.,1.00,0,0,.,.,0,4,G,G,0.0,3.0,G,G,0.0,0.0,.,.
327,NC_031967.2,45130576,gene36018\x3bgene36019,intergenic,.,1.00,0,0,.,.,0,0,.,.,0.0,4.0,T,T,0.0,0.0,.,.
328,NC_031967.2,45130578,gene36018\x3bgene36019,intergenic,.,1.00,0,0,.,.,0,0,.,.,0.0,4.0,T,T,0.0,0.0,.,.
329,NC_031967.2,45374411,gene36028\x3bgene36029,intergenic,.,1.00,0,0,.,.,0,6,A,A,0.0,2.0,A,A,0.0,8.0,A,A
330,NC_031967.2,45408952,gene36029\x3bgene36030,intergenic,.,1.00,0,7,C,C,0,5,C,C,0.0,0.0,.,.,0.0,7.0,C,C
331,NC_031967.2,45684917,gene36045\x3bgene36046,intergenic,.,1.00,0,0,.,.,1,0,.,.,0.0,6.0,T,T,0.0,3.0,T,T
332,NC_031967.2,45690184,gene36045\x3bgene36046,intergenic,.,1.00,0,0,.,.,0,0,.,.,1.0,0.0,.,.,0.0,2.0,C,C
333,NC_031967.2,45805021,gene36051,intronic,.,1.00,0,0,.,.,0,0,.,.,0.0,2.0,A,A,0.0,0.0,.,.
334,NC_031967.2,45805023,gene36051,intronic,.,1.00,0,0,.,.,0,0,.,.,0.0,2.0,A,A,0.0,0.0,.,.
335,NC_031967.2,45917646,gene36064,intronic,.,1.00,0,2,C,C,0,3,C,C,0.0,4.0,C,C,0.0,4.0,C,C
336,NC_031967.2,46091358,gene36075,intronic,.,1.00,0,0,.,.,0,0,.,.,0.0,0.0,.,.,0.0,2.0,C,C
337,NC_031967.2,47018320,gene36120\x3bgene36121,intergenic,.,1.00,0,4,C,C,0,0,.,.,0.0,0.0,.,.,0.0,0.0,.,.
338,NC_031967.2,47018381,gene36120\x3bgene36121,intergenic,.,0.500,2,0,G,G,0,2,T,T,0.0,0.0,.,.,0.0,0.0,.,.
339,NC_031967.2,47018423,gene36120\x3bgene36121,intergenic,.,1.00,0,3,C,C,1,0,.,.,0.0,0.0,.,.,0.0,0.0,.,.
340,NC_031967.2,47018444,gene36120\x3bgene36121,intergenic,.,0.500,1,0,G,G,0,2,A,A,0.0,0.0,.,.,0.0,0.0,.,.
341,NC_031967.2,47018473,gene36120\x3bgene36121,intergenic,.,1.00,1,0,.,.,0,2,C,C,0.0,0.0,.,.,0.0,0.0,.,.
342,NC_031967.2,47019513,gene36120\x3bgene36121,intergenic,.,1.00,0,2,T,T,0,0,.,.,0.0,0.0,.,.,0.0,0.0,.,.
343,NC_031967.2,47019689,gene36120\x3bgene36121,intergenic,.,1.00,0,0,.,.,0,3,A,A,0.0,0.0,.,.,0.0,0.0,.,.
344,NC_031967.2,47693571,gene36146\x3bgene36147,intergenic,.,0.500,0,0,.,.,0,0,.,.,2.0,3.0,G,A,0.0,0.0,.,.
345,NC_031967.2,48409382,gene36176\x3bgene36177,intergenic,.,1.00,0,0,.,.,0,3,A,A,0.0,0.0,.,.,0.0,0.0,.,.
346,NC_031967.2,48409384,gene36176\x3bgene36177,intergenic,.,1.00,0,0,.,.,0,3,A,A,0.0,0.0,.,.,0.0,0.0,.,.
347,NC_031967.2,48851708,gene36208\x3bgene36209,intergenic,.,1.00,0,0,.,.,0,2,A,A,0.0,0.0,.,.,0.0,0.0,.,.
348,NC_031967.2,48851709,gene36208\x3bgene36209,intergenic,.,1.00,0,0,.,.,0,2,T,T,0.0,0.0,.,.,0.0,0.0,.,.
349,NC_031967.2,49038602,gene36212\x3bgene36213,intergenic,.,1.00,0,0,.,.,0,0,.,.,0.0,0.0,.,.,0.0,2.0,T,T
350,NC_031967.2,49131149,gene36212\x3bgene36213,intergenic,.,1.00,0,0,.,.,0,3,G,G,0.0,0.0,.,.,0.0,0.0,.,.
351,NC_031967.2,49131167,gene36212\x3bgene36213,intergenic,.,1.00,0,0,.,.,0,2,G,G,0.0,0.0,.,.,0.0,0.0,.,.
352,NC_031967.2,49131760,gene36212\x3bgene36213,intergenic,.,1.00,0,2,G,G,0,7,G,G,0.0,0.0,.,.,0.0,0.0,.,.
353,NC_031967.2,49132124,gene36212\x3bgene36213,intergenic,.,1.00,0,5,T,T,0,6,T,T,0.0,0.0,.,.,0.0,0.0,.,.
354,NC_031967.2,49279747,gene36218\x3bgene36219,intergenic,.,1.00,0,3,G,G,0,2,G,G,0.0,0.0,.,.,0.0,0.0,.,.
355,NC_031967.2,49279749,gene36218\x3bgene36219,intergenic,.,1.00,0,3,C,C,0,2,C,C,0.0,0.0,.,.,0.0,0.0,.,.
356,NC_031967.2,49501725,gene36227\x3bgene36228,intergenic,.,1.00,0,2,C,C,0,0,.,.,0.0,0.0,.,.,0.0,0.0,.,.
357,NC_031967.2,49501729,gene36227\x3bgene36228,intergenic,.,1.00,0,2,G,G,0,0,.,.,0.0,0.0,.,.,0.0,0.0,.,.
358,NC_031967.2,49661329,gene36232\x3bgene36233,intergenic,.,1.00,0,5,C,C,0,6,C,C,0.0,2.0,C,C,0.0,7.0,C,C
359,NC_031967.2,49661330,gene36232\x3bgene36233,intergenic,.,1.00,0,5,G,G,0,6,G,G,0.0,2.0,G,G,0.0,7.0,G,G
360,NC_031967.2,50250959,gene36260\x3bgene36261,intergenic,.,1.00,0,0,.,.,0,0,.,.,0.0,20.0,C,C,0.0,6.0,C,C
361,NC_031967.2,50397526,gene36265\x3bgene36266,intergenic,.,1.00,0,2,C,C,0,0,.,.,0.0,2.0,C,C,1.0,0.0,.,.
362,NC_031967.2,50397539,gene36265\x3bgene36266,intergenic,.,1.00,0,2,T,T,0,0,.,.,0.0,2.0,T,T,0.0,0.0,.,.
363,NC_031967.2,50507611,gene36266\x3bgene36267,intergenic,.,1.00,0,0,.,.,0,0,.,.,0.0,2.0,T,T,0.0,0.0,.,.
364,NC_031967.2,50507638,gene36266\x3bgene36267,intergenic,.,1.00,0,0,.,.,0,0,.,.,0.0,2.0,T,T,0.0,0.0,.,.
365,NC_031967.2,50823412,gene36273,intronic,.,1.00,0,0,.,.,0,4,G,G,0.0,0.0,.,.,0.0,0.0,.,.
366,NC_031967.2,50823417,gene36273,intronic,.,1.00,0,0,.,.,0,4,C,C,0.0,0.0,.,.,0.0,0.0,.,.
367,NC_031967.2,51138329,gene36285\x3bgene36286,intergenic,.,1.00,0,2,T,T,0,0,.,.,0.0,0.0,.,.,0.0,0.0,.,.
368,NC_031967.2,51790827,gene36314,exonic,nonsynonymous_SNV,1.00,0,0,.,.,0,2,T,T,0.0,0.0,.,.,0.0,0.0,.,.
369,NC_031967.2,51790829,gene36314,exonic,nonsynonymous_SNV,1.00,0,0,.,.,0,2,C,C,0.0,0.0,.,.,0.0,0.0,.,.
370,NC_031967.2,51952211,gene36320,intronic,.,1.00,0,4,T,T,1,0,.,.,0.0,0.0,.,.,0.0,0.0,.,.
371,NC_031967.2,52165640,gene36340,upstream,.,1.00,0,0,.,.,0,0,.,.,0.0,4.0,G,G,1.0,0.0,.,.
372,NC_031967.2,52606077,gene36358\x3bgene36359,intergenic,.,1.00,0,0,.,.,0,0,.,.,0.0,4.0,G,G,0.0,2.0,G,G
373,NC_031967.2,52606078,gene36358\x3bgene36359,intergenic,.,1.00,0,0,.,.,0,0,.,.,0.0,4.0,T,T,0.0,2.0,T,T
374,NC_031967.2,52754483,gene36370,downstream,.,1.00,0,2,C,C,0,0,.,.,0.0,0.0,.,.,0.0,0.0,.,.
375,NC_031967.2,53166617,gene36401\x3bgene36402,intergenic,.,1.00,0,2,T,T,0,2,T,T,0.0,0.0,.,.,0.0,0.0,.,.
376,NC_031967.2,53257210,gene36406\x3bgene36407,intergenic,.,1.00,0,0,.,.,0,0,.,.,0.0,0.0,.,.,0.0,2.0,G,G
377,NC_031967.2,53257212,gene36406\x3bgene36407,intergenic,.,1.00,0,0,.,.,0,0,.,.,0.0,0.0,.,.,0.0,2.0,A,A
378,NC_031967.2,53390528,gene36413\x3bgene36414,intergenic,.,1.00,0,2,T,T,0,0,.,.,0.0,0.0,.,.,0.0,0.0,.,.
379,NC_031967.2,53438412,gene36415,upstream,.,1.00,0,7,G,G,0,8,G,G,0.0,2.0,G,G,0.0,8.0,G,G
380,NC_031967.2,54042558,gene36439\x3bgene36446,intergenic,.,1.00,0,23,G,G,0,24,G,G,0.0,14.0,G,G,1.0,24.0,G,G
381,NC_031967.2,54410328,gene36469,intronic,.,1.00,1,0,.,.,0,2,G,G,1.0,0.0,.,.,0.0,0.0,.,.
382,NC_031967.2,54508663,gene36475\x3bgene36476,intergenic,.,1.00,0,7,G,G,0,5,G,G,0.0,2.0,G,G,0.0,3.0,G,G
383,NC_031967.2,54731096,gene36490\x3bgene36491,intergenic,.,1.00,0,2,G,G,0,3,G,G,1.0,0.0,.,.,1.0,0.0,.,.
384,NC_031967.2,55152291,gene36514,intronic,.,1.00,0,0,.,.,0,0,.,.,0.0,0.0,.,.,0.0,2.0,C,C
385,NC_031967.2,55152294,gene36514,intronic,.,1.00,0,0,.,.,0,0,.,.,0.0,0.0,.,.,0.0,2.0,C,C
386,NC_031967.2,55319942,gene36526,intronic,.,1.00,0,0,.,.,0,0,.,.,0.0,0.0,.,.,0.0,2.0,T,T
387,NC_031967.2,55475637,gene36537,intronic,.,1.00,0,4,T,T,0,5,T,T,0.0,3.0,T,T,1.0,0.0,.,.
388,NC_031967.2,55479803,gene36537\x3bgene36538,intergenic,.,1.00,0,0,.,.,0,0,.,.,0.0,2.0,T,T,0.0,0.0,.,.
389,NC_031967.2,55628602,gene36549,UTR3,.,0.500,1,0,G,G,0,2,A,A,0.0,0.0,.,.,0.0,0.0,.,.
390,NC_031967.2,55628681,gene36549,UTR3,.,1.00,0,2,A,A,0,0,.,.,0.0,0.0,.,.,0.0,0.0,.,.
391,NC_031967.2,55628721,gene36549,UTR3,.,1.00,0,4,G,G,0,0,.,.,1.0,0.0,.,.,0.0,0.0,.,.
392,NC_031967.2,55628958,gene36549,UTR3,.,1.00,0,2,A,A,0,0,.,.,0.0,0.0,.,.,0.0,0.0,.,.
393,NC_031967.2,55659877,gene36552,UTR3,.,1.00,0,2,C,C,0,0,.,.,0.0,0.0,.,.,0.0,0.0,.,.
394,NC_031967.2,55659878,gene36552,UTR3,.,1.00,0,2,C,C,0,0,.,.,0.0,0.0,.,.,0.0,0.0,.,.
395,NC_031967.2,56377707,gene36589,intronic,.,1.00,0,0,.,.,0,0,.,.,0.0,7.0,T,T,0.0,2.0,T,T
396,NC_031967.2,56377717,gene36589,intronic,.,1.00,0,0,.,.,0,0,.,.,0.0,6.0,T,T,0.0,2.0,T,T
397,NC_031967.2,56377964,gene36589,intronic,.,1.00,0,0,.,.,0,0,.,.,0.0,2.0,A,A,0.0,0.0,.,.
398,NC_031967.2,56377993,gene36589,intronic,.,1.00,0,0,.,.,0,0,.,.,0.0,2.0,T,T,0.0,0.0,.,.
399,NC_031967.2,56377999,gene36589,intronic,.,1.00,0,0,.,.,0,0,.,.,0.0,2.0,G,G,0.0,0.0,.,.
400,NC_031967.2,56378023,gene36589,intronic,.,1.00,0,0,.,.,0,0,.,.,0.0,2.0,C,C,0.0,0.0,.,.
401,NC_031967.2,56378024,gene36589,intronic,.,1.00,0,0,.,.,0,0,.,.,0.0,2.0,T,T,0.0,0.0,.,.
402,NC_031967.2,56378099,gene36589,intronic,.,1.00,0,0,.,.,0,0,.,.,0.0,3.0,T,T,0.0,0.0,.,.
403,NC_031967.2,56378108,gene36589,intronic,.,1.00,0,0,.,.,0,0,.,.,0.0,3.0,T,T,0.0,0.0,.,.
404,NC_031967.2,56426788,gene36591\x3bgene36592,intergenic,.,1.00,0,4,C,C,0,2,C,C,0.0,0.0,.,.,0.0,0.0,.,.
405,NC_031967.2,56466128,gene36595,intronic,.,1.00,0,0,.,.,0,4,C,C,0.0,4.0,C,C,0.0,7.0,C,C
406,NC_031967.2,56466130,gene36595,intronic,.,1.00,0,0,.,.,0,4,T,T,0.0,4.0,T,T,0.0,7.0,T,T
407,NC_031967.2,56948133,gene36620,ncRNA_intronic,.,1.00,0,0,.,.,0,0,.,.,1.0,0.0,.,.,0.0,2.0,C,C
408,NC_031967.2,56948136,gene36620,ncRNA_intronic,.,1.00,0,0,.,.,0,0,.,.,1.0,0.0,.,.,0.0,2.0,T,T
409,NC_031967.2,57061322,gene36626\x3bgene36627,intergenic,.,1.00,2,0,.,.,0,2,T,T,0.0,10.0,T,T,0.0,10.0,T,T
410,NC_031967.2,57061335,gene36626\x3bgene36627,intergenic,.,1.00,0,0,.,.,0,2,G,G,0.0,9.0,G,G,0.0,10.0,G,G
411,NC_031967.2,57263135,gene36640,exonic,nonsynonymous_SNV,1.00,0,0,.,.,0,2,T,T,0.0,0.0,.,.,0.0,0.0,.,.
412,NC_031967.2,57263192,gene36640,exonic,nonsynonymous_SNV,1.00,0,0,.,.,0,2,G,G,0.0,0.0,.,.,0.0,0.0,.,.
413,NC_031967.2,57394681,gene36648,intronic,.,1.00,0,0,.,.,0,2,C,C,0.0,3.0,C,C,0.0,0.0,.,.
414,NC_031967.2,57674071,gene36662,exonic,nonsynonymous_SNV,1.00,0,0,.,.,0,2,T,T,0.0,0.0,.,.,0.0,0.0,.,.
415,NC_031967.2,58376856,gene36696,intronic,.,1.00,0,0,.,.,0,0,.,.,0.0,0.0,.,.,0.0,3.0,A,A
416,NC_031967.2,58390555,gene36696\x3bgene36697,intergenic,.,1.00,0,0,.,.,0,3,T,T,0.0,0.0,.,.,0.0,0.0,.,.
417,NC_031967.2,58390559,gene36696\x3bgene36697,intergenic,.,1.00,0,0,.,.,0,3,C,C,0.0,0.0,.,.,0.0,0.0,.,.
418,NC_031967.2,58412587,gene36698,exonic,unknown,1.00,0,0,.,.,0,2,C,C,0.0,0.0,.,.,0.0,0.0,.,.
419,NC_031967.2,58412592,gene36698,exonic,unknown,1.00,0,0,.,.,0,2,AC,AC,0.0,0.0,.,.,0.0,0.0,.,.
420,NC_031967.2,58535341,gene36704\x3bgene36705,intergenic,.,1.00,0,0,.,.,0,2,A,A,0.0,0.0,.,.,0.0,0.0,.,.
421,NC_031967.2,58535344,gene36704\x3bgene36705,intergenic,.,1.00,0,0,.,.,0,2,A,A,0.0,0.0,.,.,0.0,0.0,.,.
422,NC_031967.2,58566730,gene36704\x3bgene36705,intergenic,.,1.00,0,0,.,.,0,0,.,.,0.0,0.0,.,.,0.0,2.0,T,T
423,NC_031967.2,59010478,gene36725\x3bgene36726,intergenic,.,1.00,0,6,G,G,0,8,G,G,0.0,3.0,G,G,0.0,6.0,G,G
424,NC_031967.2,59010480,gene36725\x3bgene36726,intergenic,.,1.00,0,6,C,C,0,8,C,C,0.0,3.0,C,C,0.0,6.0,C,C
425,NC_031967.2,59199022,gene36734\x3bgene36738,intronic,.,1.00,0,0,.,.,0,5,T,T,0.0,0.0,.,.,0.0,6.0,T,T
426,NC_031967.2,59218386,gene36734,intronic,.,1.00,0,0,.,.,0,0,.,.,0.0,2.0,T,T,0.0,0.0,.,.
427,NC_031967.2,59218388,gene36734,intronic,.,1.00,0,0,.,.,0,0,.,.,0.0,2.0,T,T,0.0,0.0,.,.
428,NC_031967.2,59615895,gene36762,intronic,.,1.00,0,5,C,C,0,4,C,C,0.0,14.0,C,C,0.0,9.0,C,C
429,NC_031967.2,59615897,gene36762,intronic,.,1.00,0,5,T,T,0,4,T,T,0.0,14.0,T,T,0.0,9.0,T,T
430,NC_031967.2,60053864,gene36792,intronic,.,1.00,0,3,G,G,0,2,G,G,0.0,0.0,.,.,0.0,0.0,.,.
431,NC_031967.2,60235572,gene36806,exonic,synonymous_SNV,1.00,0,2,G,G,0,0,.,.,0.0,0.0,.,.,0.0,0.0,.,.
432,NC_031967.2,60235582,gene36806,exonic,nonsynonymous_SNV,1.00,0,2,G,G,0,0,.,.,0.0,0.0,.,.,0.0,0.0,.,.
433,NC_031967.2,60237189,gene36806,exonic,nonsynonymous_SNV,1.00,0,2,G,G,0,0,.,.,0.0,0.0,.,.,0.0,0.0,.,.
434,NC_031967.2,60237199,gene36806,exonic,nonsynonymous_SNV,0.500,0,2,G,G,1,0,C,C,1.0,0.0,.,.,0.0,0.0,.,.
435,NC_031967.2,60642850,gene36834,ncRNA_intronic,.,1.00,0,4,C,C,1,0,.,.,0.0,2.0,C,C,0.0,0.0,.,.
436,NC_031967.2,62044459,gene36882\x3bgene36883,intergenic,.,1.00,0,0,.,.,0,0,.,.,0.0,2.0,G,G,0.0,0.0,.,.
437,NC_031967.2,62044461,gene36882\x3bgene36883,intergenic,.,1.00,0,0,.,.,0,0,.,.,0.0,2.0,G,G,0.0,0.0,.,.
438,NC_031967.2,62448408,gene36905\x3bgene36906,intergenic,.,1.00,0,0,.,.,0,0,.,.,0.0,2.0,AAAGAG,AAAGAG,0.0,0.0,.,.
439,NC_031967.2,63136109,gene36943\x3bgene36944,intergenic,.,1.00,0,0,.,.,0,0,.,.,0.0,1.0,T,T,0.0,0.0,.,.
440,NC_031967.2,63136246,gene36943\x3bgene36944,intergenic,.,1.00,0,0,.,.,0,0,.,.,0.0,2.0,G,G,0.0,0.0,.,.
441,NC_031967.2,63136251,gene36943\x3bgene36944,intergenic,.,1.00,0,0,.,.,0,0,.,.,0.0,2.0,C,C,0.0,0.0,.,.
442,NC_031967.2,63136304,gene36943\x3bgene36944,intergenic,.,1.00,0,0,.,.,0,0,.,.,0.0,3.0,G,G,0.0,2.0,G,G
443,NC_031967.2,63136548,gene36943\x3bgene36944,intergenic,.,1.00,0,0,.,.,0,0,.,.,0.0,2.0,T,T,0.0,0.0,.,.
444,NC_031967.2,63136549,gene36943\x3bgene36944,intergenic,.,1.00,0,0,.,.,0,0,.,.,0.0,2.0,A,A,0.0,0.0,.,.
445,NC_031967.2,63204525,gene36946,intronic,.,1.00,0,0,.,.,0,0,.,.,0.0,2.0,C,C,0.0,0.0,.,.
446,NC_031967.2,63204526,gene36946,intronic,.,1.00,0,0,.,.,0,0,.,.,0.0,2.0,T,T,0.0,0.0,.,.
447,NC_031967.2,65285226,gene37005,intronic,.,1.00,0,4,G,G,0,5,G,G,0.0,0.0,.,.,0.0,0.0,.,.
448,NC_031967.2,65285227,gene37005,intronic,.,1.00,0,4,G,G,0,5,G,G,0.0,0.0,.,.,0.0,0.0,.,.
449,NC_031967.2,65686310,gene37055\x3bgene37056,intergenic,.,1.00,0,2,C,C,0,0,.,.,0.0,0.0,.,.,0.0,0.0,.,.
450,NC_031967.2,65686311,gene37055\x3bgene37056,intergenic,.,1.00,0,2,G,G,0,0,.,.,0.0,0.0,.,.,0.0,0.0,.,.
451,NC_031967.2,65769223,gene37059\x3bgene37060,intergenic,.,1.00,0,0,.,.,0,0,.,.,0.0,2.0,A,A,0.0,0.0,.,.
452,NC_031967.2,65769224,gene37059\x3bgene37060,intergenic,.,1.00,0,0,.,.,0,0,.,.,0.0,2.0,A,A,0.0,0.0,.,.
453,NC_031967.2,66025205,gene37067,exonic,nonsynonymous_SNV,1.00,0,0,.,.,0,2,C,C,0.0,0.0,.,.,0.0,2.0,C,C
454,NC_031967.2,67094223,gene37101\x3bgene37106,intronic,.,1.00,0,0,.,.,0,0,.,.,0.0,2.0,A,A,0.0,0.0,.,.
455,NC_031967.2,67432345,gene37126\x3bgene37128,intergenic,.,1.00,0,0,.,.,0,0,.,.,0.0,0.0,.,.,0.0,2.0,G,G
456,NC_031967.2,67432346,gene37126\x3bgene37128,intergenic,.,1.00,0,0,.,.,0,0,.,.,0.0,0.0,.,.,0.0,2.0,C,C
457,NC_031967.2,69000427,gene37200\x3bgene37202,intergenic,.,1.00,1,0,.,.,0,0,.,.,0.0,0.0,.,.,0.0,2.0,A,A
458,NC_031967.2,69325313,gene37222\x3bgene37223,intergenic,.,1.00,0,4,C,C,0,3,C,C,0.0,0.0,.,.,0.0,0.0,.,.
459,NC_031967.2,69325318,gene37222\x3bgene37223,intergenic,.,1.00,0,4,T,T,0,3,T,T,0.0,0.0,.,.,0.0,0.0,.,.
460,NC_031967.2,69639800,gene37242\x3bgene37243,intergenic,.,1.00,0,4,T,T,0,3,T,T,0.0,2.0,T,T,0.0,6.0,T,T
461,NC_031967.2,69756665,gene37249,UTR3,.,1.00,0,0,.,.,0,0,.,.,0.0,3.0,A,A,0.0,2.0,A,A
462,NC_031967.2,69756672,gene37249,UTR3,.,1.00,0,0,.,.,0,0,.,.,0.0,3.0,A,A,0.0,2.0,A,A
463,NC_031967.2,69997075,gene37258,intronic,.,1.00,0,0,.,.,0,0,.,.,0.0,2.0,G,G,0.0,0.0,.,.
464,NC_031967.2,70281359,gene37275,UTR3,.,1.00,0,0,.,.,0,0,.,.,0.0,0.0,.,.,0.0,2.0,G,G
465,NC_031967.2,70281361,gene37275,UTR3,.,1.00,0,0,.,.,0,0,.,.,0.0,0.0,.,.,0.0,2.0,G,G
466,NC_031967.2,70281821,gene37275,exonic,nonsynonymous_SNV,1.00,0,0,.,.,0,0,.,.,0.0,2.0,A,A,1.0,0.0,.,.
467,NC_031967.2,70281828,gene37275,exonic,synonymous_SNV,1.00,0,0,.,.,0,0,.,.,0.0,2.0,G,G,0.0,0.0,.,.
468,NC_031967.2,70303002,gene37275,exonic,nonsynonymous_SNV,1.00,0,0,.,.,0,0,.,.,0.0,3.0,C,C,0.0,0.0,.,.
469,NC_031967.2,70303016,gene37275,exonic,synonymous_SNV,1.00,0,0,.,.,0,0,.,.,0.0,3.0,G,G,0.0,0.0,.,.
470,NC_031967.2,70385221,gene37280,ncRNA_intronic,.,1.00,1,0,.,.,1,0,.,.,0.0,2.0,G,G,0.0,3.0,G,G
471,NC_031967.2,70515379,gene37284\x3bgene37285,intergenic,.,1.00,0,0,.,.,0,0,.,.,0.0,2.0,G,G,0.0,0.0,.,.
472,NC_031967.2,70653361,gene37288,intronic,.,1.00,0,22,G,G,0,14,G,G,0.0,33.0,G,G,0.0,44.0,G,G
473,NC_031967.2,70945014,gene37293\x3bgene37294,intergenic,.,1.00,0,3,A,A,0,4,A,A,0.0,2.0,A,A,0.0,8.0,A,A
474,NC_031967.2,70945016,gene37293\x3bgene37294,intergenic,.,1.00,0,3,C,C,0,4,C,C,0.0,2.0,C,C,0.0,8.0,C,C
475,NC_031967.2,71073940,gene37294,intronic,.,1.00,0,0,.,.,0,0,.,.,0.0,4.0,C,C,0.0,0.0,.,.
476,NC_031967.2,71073941,gene37294,intronic,.,1.00,0,0,.,.,0,0,.,.,0.0,4.0,C,C,0.0,0.0,.,.
477,NC_031967.2,71133423,gene37294\x3bgene37301,intergenic,.,1.00,0,0,.,.,0,2,G,G,0.0,0.0,.,.,0.0,0.0,.,.
478,NC_031967.2,71133425,gene37294\x3bgene37301,intergenic,.,1.00,0,0,.,.,0,2,A,A,0.0,0.0,.,.,0.0,0.0,.,.
479,NC_031967.2,71205639,gene37304\x3bgene37305,intergenic,.,1.00,0,0,.,.,0,0,.,.,0.0,2.0,TC,TC,1.0,0.0,.,.
480,NC_031967.2,71205649,gene37304\x3bgene37305,intergenic,.,1.00,0,0,.,.,0,0,.,.,0.0,2.0,A,A,1.0,0.0,.,.
481,NC_031967.2,71773403,gene37334\x3bgene37335,intergenic,.,1.00,0,0,.,.,0,0,.,.,0.0,2.0,G,G,0.0,0.0,.,.
482,NC_031967.2,71825663,gene37338,intronic,.,1.00,0,3,C,C,0,10,C,C,0.0,2.0,C,C,0.0,2.0,C,C
483,NC_031967.2,71931267,gene37342\x3bgene37344,intronic,.,1.00,0,0,.,.,0,3,C,C,0.0,0.0,.,.,0.0,0.0,.,.
484,NC_031967.2,71931272,gene37342\x3bgene37344,intronic,.,1.00,0,0,.,.,0,3,A,A,0.0,0.0,.,.,0.0,0.0,.,.
485,NC_031967.2,72310226,gene37364,ncRNA_exonic,.,1.00,0,2,G,G,0,0,.,.,0.0,0.0,.,.,0.0,0.0,.,.
486,NC_031967.2,72310234,gene37364,ncRNA_exonic,.,1.00,0,2,A,A,0,0,.,.,0.0,0.0,.,.,0.0,0.0,.,.
487,NC_031967.2,72416727,gene37363\x3bgene37365,intergenic,.,1.00,0,0,.,.,0,0,.,.,0.0,3.0,A,A,1.0,0.0,.,.
488,NC_031967.2,72555895,gene37367\x3bgene37368,intergenic,.,1.00,0,0,.,.,0,0,.,.,0.0,0.0,.,.,0.0,2.0,C,C
489,NC_031967.2,72903348,gene37376\x3bgene37377,intergenic,.,1.00,0,2,G,G,0,3,G,G,0.0,0.0,.,.,0.0,0.0,.,.
490,NC_031967.2,72903349,gene37376\x3bgene37377,intergenic,.,1.00,0,2,C,C,0,3,C,C,0.0,0.0,.,.,0.0,0.0,.,.
491,NC_031967.2,73170286,gene37390,UTR3,.,1.00,0,2,C,C,0,4,C,C,0.0,2.0,C,C,0.0,0.0,.,.
492,NC_031967.2,73170300,gene37390,UTR3,.,1.00,0,2,C,C,0,4,C,C,0.0,2.0,C,C,0.0,0.0,.,.
493,NC_031967.2,73883146,gene37433,intronic,.,1.00,0,3,G,G,0,0,.,.,0.0,0.0,.,.,0.0,0.0,.,.
494,NC_031967.2,75513944,gene37535,downstream,.,1.00,0,3,A,A,0,3,A,A,0.0,2.0,A,A,0.0,2.0,A,A
495,NC_031967.2,75513948,gene37535,downstream,.,1.00,0,3,G,G,0,3,G,G,0.0,2.0,G,G,0.0,2.0,G,G
496,NC_031967.2,76203105,gene37578,UTR5,.,1.00,0,0,.,.,0,2,A,A,0.0,0.0,.,.,0.0,0.0,.,.
497,NC_031967.2,76203106,gene37578,UTR5,.,1.00,0,0,.,.,0,2,C,C,0.0,0.0,.,.,0.0,0.0,.,.
498,NC_031967.2,76605791,gene37590\x3bgene37591,intergenic,.,1.00,0,3,C,C,0,0,.,.,0.0,0.0,.,.,0.0,0.0,.,.
499,NC_031967.2,76605795,gene37590\x3bgene37591,intergenic,.,1.00,0,3,G,G,0,0,.,.,0.0,0.0,.,.,0.0,0.0,.,.
500,NC_031967.2,76948893,gene37609\x3bgene37610,intergenic,.,1.00,0,3,C,C,0,0,.,.,0.0,0.0,.,.,0.0,8.0,C,C
501,NC_031967.2,76948895,gene37609\x3bgene37610,intergenic,.,1.00,0,3,C,C,0,0,.,.,0.0,0.0,.,.,0.0,8.0,C,C
502,NC_031967.2,77447589,gene37636\x3bgene37637,intergenic,.,1.00,1,0,.,.,1,0,.,.,0.0,0.0,.,.,0.0,5.0,T,T
503,NC_031967.2,77447595,gene37636\x3bgene37637,intergenic,.,1.00,1,0,.,.,1,0,.,.,0.0,0.0,.,.,0.0,5.0,G,G
504,NC_031967.2,77501253,gene37638\x3bgene37639,intergenic,.,1.00,0,2,A,A,0,0,.,.,0.0,3.0,A,A,0.0,2.0,A,A
505,NC_031967.2,78130494,gene37682,ncRNA_intronic,.,1.00,0,5,G,G,0,3,G,G,0.0,14.0,G,G,0.0,13.0,G,G
506,NC_031967.2,78130497,gene37682,ncRNA_intronic,.,1.00,0,5,A,A,0,3,A,A,0.0,14.0,A,A,0.0,13.0,A,A
507,NC_031967.2,78687722,gene37697,ncRNA_exonic,.,1.00,0,2,G,G,0,2,G,G,0.0,2.0,G,G,1.0,0.0,.,.
508,NC_031967.2,78687787,gene37697,ncRNA_exonic,.,1.00,0,2,G,G,0,2,G,G,0.0,0.0,.,.,0.0,4.0,G,G
509,NC_031967.2,78687814,gene37697,ncRNA_exonic,.,1.00,0,3,C,C,0,2,C,C,0.0,0.0,.,.,0.0,4.0,C,C
510,NC_031967.2,78687854,gene37697,ncRNA_exonic,.,1.00,0,5,C,C,0,0,.,.,0.0,0.0,.,.,0.0,0.0,.,.
511,NC_031967.2,78687871,gene37697,ncRNA_exonic,.,1.00,0,5,C,C,0,3,C,C,0.0,0.0,.,.,0.0,2.0,C,C
512,NC_031967.2,78687894,gene37697,ncRNA_exonic,.,1.00,0,6,A,A,0,4,A,A,0.0,3.0,A,A,0.0,7.0,A,A
513,NC_031967.2,78687983,gene37697,ncRNA_exonic,.,1.00,0,4,C,C,0,0,.,.,0.0,2.0,C,C,0.0,2.0,C,C
514,NC_031967.2,79278461,gene37731\x3bgene37732,intergenic,.,1.00,0,12,G,G,0,6,G,G,0.0,16.0,G,G,0.0,17.0,G,G
515,NC_031967.2,79278465,gene37731\x3bgene37732,intergenic,.,1.00,0,12,G,G,0,6,G,G,0.0,16.0,G,G,0.0,17.0,G,G
516,NC_031967.2,79445158,gene37739,intronic,.,1.00,0,7,C,C,0,3,C,C,0.0,0.0,.,.,0.0,2.0,C,C
517,NC_031967.2,79743858,gene37761\x3bgene37762,intergenic,.,1.00,0,0,.,.,0,0,.,.,0.0,4.0,A,A,0.0,0.0,.,.
518,NC_031967.2,79743874,gene37761\x3bgene37762,intergenic,.,1.00,0,0,.,.,0,0,.,.,0.0,4.0,G,G,0.0,0.0,.,.
519,NC_031967.2,79877938,gene37767\x3bgene37768,intergenic,.,1.00,0,0,.,.,0,2,C,C,0.0,0.0,.,.,0.0,0.0,.,.
520,NC_031967.2,79877942,gene37767\x3bgene37768,intergenic,.,1.00,0,0,.,.,0,2,A,A,0.0,0.0,.,.,0.0,0.0,.,.
521,NC_031967.2,80227742,gene37782,exonic,synonymous_SNV,1.00,0,0,.,.,0,2,A,A,0.0,0.0,.,.,0.0,0.0,.,.
522,NC_031967.2,80227745,gene37782,exonic,synonymous_SNV,1.00,0,0,.,.,0,2,A,A,0.0,0.0,.,.,0.0,0.0,.,.
523,NC_031967.2,80246995,gene37784,exonic,nonsynonymous_SNV,1.00,0,4,C,C,0,4,C,C,1.0,0.0,.,.,0.0,0.0,.,.
524,NC_031967.2,80247006,gene37784,exonic,nonsynonymous_SNV,1.00,0,4,T,T,0,4,T,T,0.0,0.0,.,.,0.0,0.0,.,.
525,NC_031967.2,80861069,gene37815\x3bgene37816,intergenic,.,1.00,0,0,.,.,0,0,.,.,0.0,2.0,G,G,0.0,2.0,G,G
526,NC_031967.2,81225251,gene37828\x3bgene37829,intergenic,.,1.00,0,3,T,T,0,2,T,T,0.0,0.0,.,.,0.0,2.0,T,T
527,NC_031967.2,81438436,gene37836,exonic,synonymous_SNV,0.500,0,1,T,T,1,0,A,A,0.0,0.0,.,.,0.0,0.0,.,.
528,NC_031967.2,81494605,gene37838\x3bgene37839,intergenic,.,1.00,0,2,G,G,0,0,.,.,0.0,0.0,.,.,0.0,0.0,.,.
529,NC_031967.2,81494611,gene37838\x3bgene37839,intergenic,.,1.00,0,2,T,T,0,0,.,.,0.0,0.0,.,.,0.0,0.0,.,.
530,NC_031967.2,81559520,gene37842,exonic,synonymous_SNV,1.00,0,2,T,T,0,0,.,.,0.0,0.0,.,.,0.0,0.0,.,.
531,NC_031967.2,81559523,gene37842,exonic,synonymous_SNV,1.00,0,2,A,A,0,0,.,.,0.0,0.0,.,.,0.0,0.0,.,.
532,NC_031967.2,81578385,gene37845,intronic,.,1.00,0,2,C,C,1,0,.,.,1.0,0.0,.,.,1.0,0.0,.,.
533,NC_031967.2,81580613,gene37845,downstream,.,1.00,0,0,.,.,0,0,.,.,0.0,2.0,C,C,0.0,0.0,.,.
534,NC_031967.2,81580616,gene37845,downstream,.,1.00,0,0,.,.,0,0,.,.,0.0,2.0,G,G,0.0,0.0,.,.
535,NC_031967.2,81648246,gene37853,intronic,.,1.00,0,1,C,C,1,0,.,.,0.0,1.0,C,C,3.0,0.0,.,.
536,NC_031967.2,81929740,gene37866,intronic,.,1.00,0,2,G,G,0,0,.,.,0.0,0.0,.,.,0.0,0.0,.,.
537,NC_031967.2,81929746,gene37866,intronic,.,1.00,0,2,A,A,0,0,.,.,0.0,0.0,.,.,0.0,0.0,.,.
538,NC_031967.2,81941122,gene37866,intronic,.,1.00,0,0,.,.,0,2,C,C,0.0,0.0,.,.,0.0,0.0,.,.
539,NC_031967.2,82117246,gene37874,exonic,synonymous_SNV,1.00,1,0,.,.,0,2,C,C,0.0,0.0,.,.,0.0,0.0,.,.
540,NC_031967.2,82117249,gene37874,exonic,synonymous_SNV,1.00,1,0,.,.,0,2,C,C,0.0,0.0,.,.,0.0,0.0,.,.
541,NC_031967.2,82299670,gene37866,intronic,.,1.00,0,0,.,.,0,3,G,G,0.0,2.0,G,G,0.0,0.0,.,.
542,NC_031967.2,82608405,gene37892,exonic,synonymous_SNV,1.00,0,0,.,.,0,0,.,.,0.0,2.0,T,T,0.0,2.0,T,T
543,NC_031967.2,82608408,gene37892,exonic,nonsynonymous_SNV,1.00,0,0,.,.,0,0,.,.,0.0,2.0,C,C,0.0,2.0,C,C
544,NC_031967.2,82822037,gene37899,intronic,.,1.00,0,0,.,.,0,2,A,A,0.0,0.0,.,.,0.0,0.0,.,.
545,NC_031967.2,82854817,gene37900\x3bgene37901,intergenic,.,1.00,0,0,.,.,0,0,.,.,0.0,8.0,A,A,0.0,0.0,.,.
546,NC_031967.2,82867066,gene37900\x3bgene37901,intergenic,.,1.00,0,0,.,.,0,0,.,.,0.0,2.0,A,A,0.0,0.0,.,.
547,NC_031967.2,82867067,gene37900\x3bgene37901,intergenic,.,1.00,0,0,.,.,0,0,.,.,0.0,2.0,G,G,0.0,0.0,.,.
548,NC_031967.2,83078606,gene37914,upstream,.,1.00,0,0,.,.,0,3,T,T,0.0,0.0,.,.,0.0,0.0,.,.
549,NC_031967.2,83181770,gene37921\x3bgene37922,intergenic,.,1.00,0,0,.,.,0,0,.,.,0.0,6.0,T,T,0.0,2.0,T,T
550,NC_031967.2,83631816,gene37937,intronic,.,1.00,0,0,.,.,0,2,G,G,0.0,0.0,.,.,0.0,0.0,.,.
551,NC_031967.2,83662802,gene37938,intronic,.,1.00,0,0,.,.,0,0,.,.,0.0,0.0,.,.,0.0,1.0,C,C
552,NC_031967.2,83669610,gene37939,intronic,.,1.00,0,0,.,.,0,4,C,C,0.0,0.0,.,.,0.0,3.0,C,C
553,NC_031967.2,84187535,gene37973\x3bgene37974,intergenic,.,1.00,0,0,.,.,0,4,C,C,0.0,0.0,.,.,0.0,0.0,.,.
554,NC_031967.2,84187538,gene37973\x3bgene37974,intergenic,.,1.00,0,0,.,.,0,4,C,C,0.0,0.0,.,.,0.0,0.0,.,.
555,NC_031967.2,84196246,gene37974\x3bgene37975,intergenic,.,1.00,0,0,.,.,0,3,C,C,1.0,0.0,.,.,0.0,0.0,.,.
556,NC_031967.2,84199769,gene37974\x3bgene37975,intergenic,.,1.00,0,0,.,.,0,2,A,A,0.0,0.0,.,.,0.0,0.0,.,.
557,NC_031967.2,84199772,gene37974\x3bgene37975,intergenic,.,1.00,0,0,.,.,0,2,C,C,0.0,0.0,.,.,0.0,0.0,.,.
558,NC_031967.2,84886410,gene37999,downstream,.,1.00,0,2,A,A,0,0,.,.,0.0,0.0,.,.,0.0,0.0,.,.
559,NC_031967.2,85027928,gene38005\x3bgene38006,intergenic,.,1.00,0,2,C,C,0,0,.,.,0.0,2.0,C,C,0.0,3.0,C,C
560,NC_031967.2,85481676,gene38024,intronic,.,1.00,1,0,.,.,0,2,G,G,0.0,0.0,.,.,0.0,2.0,G,G
561,NC_031967.2,85924821,gene38048,UTR3,.,1.00,0,2,G,G,0,0,.,.,0.0,0.0,.,.,0.0,0.0,.,.
562,NC_031967.2,85924824,gene38048,UTR3,.,1.00,0,2,A,A,0,0,.,.,0.0,0.0,.,.,0.0,0.0,.,.
563,NC_031967.2,86581395,gene38070\x3bgene38071,intergenic,.,1.00,0,0,.,.,0,2,G,G,0.0,0.0,.,.,0.0,0.0,.,.
564,NC_031967.2,86581396,gene38070\x3bgene38071,intergenic,.,1.00,0,0,.,.,0,2,A,A,0.0,0.0,.,.,0.0,0.0,.,.
565,NC_031967.2,87278747,gene38088,downstream,.,1.00,0,0,.,.,0,3,C,C,1.0,0.0,.,.,0.0,0.0,.,.
566,NC_031967.2,87322764,gene38093,UTR3,.,1.00,0,0,.,.,0,0,.,.,0.0,0.0,.,.,0.0,4.0,A,A
567,NC_031967.2,87322769,gene38093,UTR3,.,1.00,0,0,.,.,0,0,.,.,0.0,0.0,.,.,0.0,4.0,G,G
568,NC_031967.2,87335394,gene38094,exonic,nonsynonymous_SNV,0.500,1,2,C,G,2,0,.,.,0.0,0.0,.,.,1.0,0.0,.,.
569,NC_031967.2,87335396,gene38094,exonic,nonsynonymous_SNV,0.500,1,2,G,C,2,0,.,.,0.0,0.0,.,.,1.0,0.0,.,.
570,NC_031967.2,87345792,gene38095,exonic,nonframeshift_insertion,1.00,0,2,TGCCTCG,TGCCTCG,0,0,.,.,0.0,0.0,.,.,0.0,0.0,.,.
571,NC_031967.2,87345921,gene38095,exonic,nonsynonymous_SNV,1.00,0,2,A,A,0,0,.,.,0.0,0.0,.,.,0.0,0.0,.,.
572,NC_031967.2,87411664,gene38100,exonic,synonymous_SNV,1.00,0,4,T,T,1,0,.,.,0.0,0.0,.,.,0.0,0.0,.,.
573,NC_031967.2,87411665,gene38100,exonic,nonsynonymous_SNV,1.00,0,4,G,G,1,0,.,.,0.0,0.0,.,.,0.0,0.0,.,.
574,NC_031967.2,87459237,gene38091,UTR3,.,1.00,0,0,.,.,0,0,.,.,0.0,4.0,A,A,0.0,3.0,A,A
575,NC_031967.2,87459265,gene38091,UTR3,.,1.00,0,0,.,.,0,0,.,.,0.0,3.0,T,T,0.0,0.0,.,.
